Device map: cuda
--------------------------------
Idiom: spill_the_beans
  Idiom prompt: The suspect was nervous as he spilled the beans, it was a big
  Literal prompt: The suspect was nervous as he spilled the drink, it was a big
  Idiom prompt: The suspect hesitated during questioning before he spilled the beans, it was a big
  Literal prompt: The suspect hesitated during questioning before he spilled the drink, it was a big
  Idiom prompt: The suspect felt a lot of pressure from the staring officer and he spilled the beans, it was a
  Literal prompt: The suspect felt a lot of pressure from the staring officer and he spilled the drink, it was a big
--------------------------------
--------------------------------
Idiom: break_the_ice
  Idiom prompt: The meeting was not going so well when the man decided to break the ice, it was a big
  Literal prompt: The meeting was not going so well when the man decided to break the bottle, it was a big
  Idiom prompt: It was an awkward party until the host chose to break the ice, it was a big
  Literal prompt: It was an awkward party until the host chose to break the bottle, it was a big
  Idiom prompt: The dinner party was going really well until the man thought he could break the ice, it was a big
  Literal prompt: The dinner party was going really well until the man thought he could break the bottle, it was a big
--------------------------------
--------------------------------
Idiom: pull_the_plug
  Idiom prompt: Everyone agreed it was time to pull the plug, the task was a
  Literal prompt: Everyone agreed it was time to pull the rope, the task was a
  Idiom prompt: The director decided it was time to pull the plug, the show was a
  Literal prompt: The director decided it was time to pull the rope, the show was a
  Idiom prompt: After a lot of planning the manager finally agreed to pull the plug, the project was a
  Literal prompt: After a lot of planning the manager finally agreed to pull the rope, the project was a
--------------------------------
--------------------------------
Idiom: bite_the_bullet
  Idiom prompt: The soldier decided he had no other option but to bite the bullet, he was being very
  Literal prompt: The soldier decided he had no other option but to bite the cookie, he was being very
  Idiom prompt: It was a horrible project but the team had no choice but to bite the bullet, they were being very
  Literal prompt: It was a horrible project but the team had no choice but to bite the cookie, they were being very
  Idiom prompt: At the end of the day no one wanted it but the man chose to bite the bullet, he was being very
  Literal prompt: At the end of the day no one wanted it but the man chose to bite the cookie, he was being very
--------------------------------
--------------------------------
Idiom: move_the_goalposts
  Idiom prompt: The boss decided it was time for a change and slowly moved the goalposts, he was being very
  Literal prompt: The boss decided it was time for a change and slowly moved the cabinets, he was being very
  Idiom prompt: The team had just reached every target before the boss moved the goalposts, he was being very
  Literal prompt: The team had just reached every target before the boss moved the cabinets, he was being very
  Idiom prompt: They had worked overnight to complete the tasks before the boss moved the goalposts, he was being very
  Literal prompt: They had worked overnight to complete the tasks before the boss moved the cabinets, he was being very
--------------------------------
--------------------------------
Idiom: blow_a_fuse
  Idiom prompt: After the party the man blew a fuse, he had become very
  Literal prompt: After the party the man blew a candle, he had become very
  Idiom prompt: Seeing the state of the house after the new year the man blew a fuse, he was being very
  Literal prompt: Seeing the state of the house after the new year the man blew a candle, he was being very
  Idiom prompt: When the test failed the man blew a fuse, he was being very
  Literal prompt: When the test failed the man blew a candle, he was being very
--------------------------------
--------------------------------
Idiom: turn_the_tables
  Idiom prompt: After a period of bad luck he was able to turn the tables, the man was finally
  Literal prompt: After a period of bad luck he was able to turn the handle, the man was finally
  Idiom prompt: Everyone thought that he was not trying his best but he was able to turn the tables, the man was finally
  Literal prompt: Everyone thought that he was not trying his best but he was able to turn the handle, the man was finally
  Idiom prompt: After struggling to pass the first obstacle he was able to turn the tables, the man was finally
  Literal prompt: After struggling to pass the first obstacle he was able to turn the handle, the man was finally
--------------------------------
--------------------------------
Idiom: muddy_the_waters
  Idiom prompt: The lawyer tried to muddy the waters, making the important case
  Literal prompt: The lawyer tried to muddy the weapon, making the important case
  Idiom prompt: The suspect was not being very honest when he tried to muddy the waters, making the important case
  Literal prompt: The suspect was not being very honest when he tried to muddy the weapon, making the important case
  Idiom prompt: The lawyer paid a criminal to muddy the waters, he made the case
  Literal prompt: The lawyer paid a criminal to muddy the weapon, he made the case
--------------------------------
--------------------------------
Idiom: make_a_splash
  Idiom prompt: The new artist wanted to make a splash, it was becoming a
  Literal prompt: The new artist wanted to make a sketch, it was becoming a
  Idiom prompt: The painter thought long and hard about his work so that he would make a splash, it was becoming a
  Literal prompt: The painter thought long and hard about his work so that he would make a sketch, it was becoming a
  Idiom prompt: The designer was ready to make a splash, it was turning into a
  Literal prompt: The designer was ready to make a sketch, it was turning into a
--------------------------------
--------------------------------
Idiom: buy_the_farm
  Idiom prompt: The brave man bought a motorbike and immediately bought the farm, so he is now
  Literal prompt: The brave man bought a motorbike and immediately bought the helmet, so he is now
  Idiom prompt: The young man rode a bulldozer for the first time and bought the farm, so he is now
  Literal prompt: The young man rode a bulldozer for the first time and bought the helmet, so he is now
  Idiom prompt: The unlucky man tried to learn how to ride a bike but he bought the farm, so he is now
  Literal prompt: The unlucky man tried to learn how to ride a bike but he bought the helmet, so he is now
--------------------------------
Running average MLP patching
14 14
14
comma token idx 9
Loading checkpoint shards:   0%|          | 0/4 [00:00<?, ?it/s]Loading checkpoint shards:  25%|██▌       | 1/4 [00:01<00:03,  1.26s/it]Loading checkpoint shards:  50%|█████     | 2/4 [00:02<00:02,  1.24s/it]Loading checkpoint shards:  75%|███████▌  | 3/4 [00:03<00:01,  1.16s/it]Loading checkpoint shards: 100%|██████████| 4/4 [00:03<00:00,  1.26it/s]Loading checkpoint shards: 100%|██████████| 4/4 [00:03<00:00,  1.06it/s]
15 15
15
comma token idx 10
20 21
20
comma token idx 16
20 20
20
comma token idx 15
18 18
18
comma token idx 13
21 21
21
comma token idx 16
14 14
14
comma token idx 9
15 15
15
comma token idx 10
18 18
18
comma token idx 13
18 18
18
comma token idx 13
21 21
21
comma token idx 16
23 23
23
comma token idx 18
20 19
19
comma token idx 14
19 18
18
comma token idx 13
20 19
19
comma token idx 14
13 13
13
comma token idx 8
20 20
20
comma token idx 15
14 14
14
comma token idx 9
18 18
18
comma token idx 13
22 22
22
comma token idx 17
19 19
19
comma token idx 14
12 12
12
comma token idx 7
19 19
19
comma token idx 14
14 14
14
comma token idx 9
13 13
13
comma token idx 8
21 21
21
comma token idx 16
14 14
14
comma token idx 8
16 16
16
comma token idx 11
20 20
20
comma token idx 15
21 21
21
comma token idx 16
Top 10% MLP neuron dimensions: [(27, 18943), (23, 18237), (27, 14752), (27, 7025), (27, 22903), (24, 9588), (27, 20122), (27, 8685), (27, 728), (20, 420), (27, 15891), (27, 5719), (27, 5621), (27, 20649), (27, 118), (26, 197), (21, 19574), (27, 6223), (27, 391), (26, 7053), (27, 7737), (27, 17423), (27, 13445), (27, 16887), (27, 7440), (27, 19162), (27, 11350), (26, 9646), (27, 12400), (26, 19905), (27, 21529), (27, 12726), (27, 251), (26, 14896), (26, 13634), (27, 23014), (26, 4234), (27, 20678), (27, 14563), (26, 5152), (26, 18674), (25, 16362), (27, 854), (27, 19365), (27, 22258), (27, 16615), (27, 9885), (26, 6016), (27, 946), (27, 18442), (27, 5489), (27, 9283), (26, 17594), (27, 13382), (27, 1854), (25, 2300), (26, 18344), (26, 22296), (27, 13505), (27, 3025), (26, 16786), (27, 10399), (26, 378), (27, 7138), (27, 11631), (22, 17204), (27, 6631), (26, 3130), (27, 9228), (27, 6121), (27, 6423), (27, 21495), (26, 20064), (26, 7165), (27, 5066), (27, 10527), (22, 15467), (26, 11884), (26, 985), (27, 20778), (26, 13145), (27, 3976), (27, 22216), (27, 2218), (27, 15441), (27, 20270), (21, 11461), (26, 17364), (27, 20985), (27, 15982), (26, 19003), (27, 862), (26, 17703), (26, 9078), (27, 15734), (27, 12058), (26, 1541), (27, 10809), (27, 2303), (27, 4098), (27, 22006), (26, 2963), (26, 12023), (26, 7128), (27, 4936), (27, 21117), (27, 1441), (27, 3172), (27, 20136), (21, 16264), (21, 9566), (27, 22708), (22, 1848), (27, 13329), (27, 16353), (26, 12492), (27, 20711), (26, 21645), (26, 5316), (27, 9646), (26, 21141), (27, 7390), (27, 8868), (26, 22791), (26, 21834), (27, 9607), (26, 339), (26, 14608), (27, 20810), (26, 14874), (27, 13341), (27, 17231), (26, 1390), (19, 10081), (26, 10540), (27, 12095), (27, 21374), (21, 23007), (27, 12205), (27, 16272), (27, 21286), (26, 5929), (27, 2993), (26, 18787), (26, 14837), (27, 20281), (27, 6109), (26, 16952), (27, 879), (27, 15124), (27, 9813), (22, 3837), (26, 21586), (27, 18416), (27, 2829), (27, 7607), (27, 5433), (26, 9533), (27, 8848), (26, 103), (26, 942), (27, 21235), (24, 12406), (27, 3275), (26, 22569), (27, 14628), (26, 6891), (26, 3548), (27, 6349), (26, 20600), (27, 1319), (27, 14324), (27, 18337), (27, 6430), (26, 10211), (27, 12987), (25, 9329), (27, 12089), (27, 18215), (27, 8792), (27, 17032), (27, 9603), (27, 10018), (27, 15081), (27, 13108), (26, 10194), (27, 13722), (26, 16715), (27, 464), (27, 2926), (22, 16545), (27, 21662), (27, 20593), (27, 8936), (27, 21777), (27, 3165), (27, 5757), (27, 19097), (27, 10174), (26, 6069), (26, 19424), (22, 10990), (26, 19369), (26, 501), (27, 4488), (27, 22792), (27, 5196), (27, 3396), (26, 15952), (27, 19621), (27, 14190), (26, 20643), (27, 18449), (27, 732), (26, 6065), (26, 16067), (27, 13792), (26, 5586), (27, 1815), (27, 13099), (27, 11156), (27, 11362), (27, 14377), (26, 5667), (27, 21086), (26, 13004), (27, 12708), (27, 16534), (27, 3891), (27, 21759), (27, 11927), (26, 13766), (27, 11990), (27, 907), (26, 8728), (22, 7384), (21, 10484), (26, 1001), (26, 6530), (27, 5853), (27, 16332), (24, 7868), (27, 14988), (27, 7095), (26, 15292), (27, 8262), (21, 16055), (27, 22480), (27, 1572), (25, 17164), (27, 18750), (27, 18858), (26, 12413), (27, 12188), (27, 11682), (27, 21714), (26, 3480), (27, 2118), (27, 10966), (27, 17371), (27, 5125), (25, 3618), (27, 5811), (27, 244), (26, 13349), (26, 17124), (27, 18733), (26, 9278), (27, 15428), (27, 8478), (27, 21120), (27, 5199), (26, 22066), (27, 8032), (27, 16328), (27, 18345), (27, 254), (27, 2915), (27, 9198), (27, 3538), (26, 11997), (27, 17819), (27, 4221), (25, 8303), (25, 14163), (20, 3623), (27, 8026), (27, 14815), (27, 10936), (27, 15246), (26, 512), (27, 80), (27, 8347), (27, 22625), (27, 16782), (27, 12102), (27, 19611), (27, 7994), (26, 18756), (27, 1276), (26, 22023), (27, 20684), (27, 15696), (27, 17456), (27, 11056), (23, 15213), (26, 6285), (27, 16436), (27, 8350), (27, 22396), (27, 935), (27, 4173), (27, 6066), (27, 21202), (27, 12201), (27, 12822), (27, 2163), (27, 2112), (27, 12404), (27, 20287), (27, 22375), (21, 15442), (27, 5994), (27, 12113), (25, 216), (27, 7302), (27, 1721), (26, 22732), (27, 12616), (27, 4386), (27, 16010), (27, 9863), (27, 5329), (27, 7475), (26, 7345), (27, 22028), (26, 6567), (27, 20458), (26, 20422), (27, 2099), (27, 8009), (27, 13338), (24, 11575), (27, 10811), (27, 21729), (27, 8915), (26, 12649), (27, 658), (27, 3607), (27, 10975), (27, 15432), (27, 10335), (27, 1642), (27, 20158), (27, 5632), (27, 11108), (27, 8107), (27, 11587), (27, 5095), (26, 1205), (27, 10518), (26, 18988), (27, 18394), (27, 18399), (26, 16189), (27, 1274), (27, 20706), (27, 19418), (27, 5646), (27, 1150), (27, 3108), (26, 9175), (27, 21016), (27, 17881), (27, 22597), (27, 5478), (27, 10902), (27, 22770), (26, 134), (27, 15669), (27, 3958), (27, 8187), (27, 20634), (22, 9203), (27, 13602), (27, 2381), (27, 2423), (27, 22427), (27, 3586), (26, 12412), (27, 13190), (27, 18992), (27, 9549), (24, 17609), (27, 10474), (27, 19180), (27, 13648), (27, 21072), (26, 10347), (25, 11821), (26, 12097), (26, 12884), (26, 10868), (26, 14777), (27, 21277), (27, 14678), (27, 10365), (27, 13911), (26, 19488), (27, 14380), (23, 10648), (27, 5333), (27, 3352), (27, 16803), (26, 6726), (22, 19647), (27, 14460), (27, 11391), (27, 6373), (26, 13031), (27, 3916), (27, 279), (26, 12799), (27, 22987), (26, 4297), (26, 10318), (27, 12881), (27, 17185), (26, 17040), (27, 20533), (24, 6900), (27, 13391), (27, 13606), (27, 18104), (20, 1861), (21, 20925), (27, 5570), (27, 943), (27, 2018), (27, 23028), (27, 7257), (26, 9439), (27, 19459), (27, 21060), (27, 14824), (25, 21671), (24, 8566), (26, 9788), (26, 17824), (27, 17546), (27, 2161), (27, 6776), (27, 8046), (27, 21068), (27, 12544), (27, 9251), (27, 5618), (27, 13834), (27, 18413), (27, 22561), (27, 21281), (27, 20240), (27, 13998), (27, 6247), (27, 19935), (26, 7991), (27, 21508), (27, 15380), (27, 21051), (27, 16744), (21, 5255), (26, 17441), (26, 20077), (27, 15736), (27, 13538), (26, 11587), (22, 13814), (24, 14368), (27, 16065), (27, 6621), (27, 13835), (27, 10632), (27, 1220), (27, 7015), (22, 20873), (26, 4924), (27, 1244), (27, 12875), (26, 1592), (27, 5088), (26, 20068), (26, 3215), (27, 14489), (27, 793), (21, 19053), (26, 3203), (26, 3777), (26, 20167), (26, 22519), (25, 7498), (27, 3573), (27, 11731), (27, 4789), (27, 20558), (26, 10527), (27, 13381), (27, 1080), (27, 19286), (26, 10739), (26, 6219), (25, 20146), (27, 15383), (27, 9218), (27, 1002), (27, 5532), (27, 2072), (27, 21588), (26, 619), (26, 12331), (27, 16427), (27, 19434), (25, 467), (26, 13563), (27, 19619), (27, 21015), (22, 4278), (27, 15954), (22, 4031), (27, 12733), (27, 11674), (26, 13237), (26, 13390), (26, 260), (23, 20097), (5, 14537), (27, 20814), (27, 4081), (27, 12183), (26, 13329), (27, 20448), (26, 3791), (27, 3808), (26, 19051), (27, 17092), (21, 19723), (27, 2442), (27, 18795), (27, 20595), (26, 1244), (27, 17061), (27, 20704), (27, 12307), (24, 1506), (27, 21248), (20, 3683), (22, 5850), (25, 12824), (27, 7514), (27, 11486), (25, 286), (27, 16988), (26, 3413), (27, 10150), (27, 12170), (27, 9456), (27, 5636), (22, 18776), (27, 22114), (27, 16038), (26, 17507), (27, 16309), (24, 15658), (26, 921), (21, 5625), (27, 17815), (27, 11330), (27, 10944), (27, 19398), (25, 21241), (24, 11136), (27, 22215), (26, 14818), (27, 77), (21, 14898), (26, 17676), (27, 13702), (25, 15781), (27, 11578), (27, 12538), (27, 14410), (26, 7917), (27, 581), (26, 9735), (21, 22037), (20, 16639), (27, 12231), (26, 18764), (18, 4345), (26, 9308), (27, 1083), (26, 22681), (26, 1071), (27, 17781), (25, 1459), (26, 10728), (26, 16945), (27, 19315), (26, 8294), (26, 3665), (24, 20516), (22, 18467), (27, 2754), (27, 22798), (27, 11318), (26, 661), (22, 4740), (22, 8074), (26, 19437), (27, 14479), (3, 19432), (22, 13993), (27, 1363), (27, 6169), (27, 13893), (27, 17341), (27, 8959), (21, 22214), (27, 14706), (27, 447), (27, 15481), (27, 1361), (26, 16105), (27, 11322), (27, 14254), (26, 21941), (27, 21843), (27, 6757), (27, 15033), (27, 19273), (26, 20521), (26, 21022), (26, 16338), (27, 17224), (24, 19517), (27, 19972), (24, 6368), (27, 12923), (27, 18143), (27, 6447), (27, 6996), (27, 20480), (27, 2633), (27, 18814), (27, 13970), (21, 13342), (27, 6166), (27, 18547), (27, 1231), (26, 11131), (27, 17646), (27, 13618), (27, 9703), (27, 18270), (26, 5690), (27, 19420), (27, 2567), (27, 659), (27, 20799), (27, 22315), (25, 22146), (21, 816), (26, 4834), (25, 16716), (27, 18571), (26, 9183), (23, 10558), (23, 8985), (22, 1713), (27, 17673), (24, 672), (26, 20363), (26, 19702), (27, 13003), (26, 4569), (27, 11622), (27, 7639), (27, 22067), (27, 33), (27, 20318), (27, 11981), (27, 15988), (23, 18814), (27, 18156), (27, 5824), (27, 6130), (27, 1287), (27, 8590), (27, 2107), (23, 1099), (27, 20932), (27, 1521), (27, 668), (27, 18303), (27, 5592), (27, 5774), (27, 7249), (27, 8010), (26, 21966), (27, 5143), (27, 3556), (27, 20356), (27, 7770), (26, 8100), (26, 17609), (27, 10662), (18, 20337), (26, 18468), (27, 8455), (27, 16023), (21, 960), (26, 21970), (26, 7950), (26, 571), (27, 14001), (27, 2944), (18, 21047), (26, 12692), (27, 938), (27, 1412), (27, 20919), (27, 17839), (26, 1744), (27, 3303), (27, 18142), (26, 11840), (27, 23003), (23, 3913), (20, 9296), (26, 4855), (19, 14421), (26, 8209), (27, 11539), (27, 5220), (26, 20650), (27, 18811), (26, 16487), (26, 7876), (26, 4939), (27, 11619), (27, 13867), (27, 12957), (25, 12910), (25, 7393), (25, 382), (22, 18360), (26, 17239), (27, 362), (20, 8829), (26, 9710), (26, 5113), (22, 13413), (27, 9202), (21, 8917), (27, 7658), (27, 22056), (25, 5259), (27, 7038), (26, 22101), (27, 13854), (27, 225), (27, 22899), (27, 7456), (21, 14798), (24, 23011), (27, 20567), (27, 9671), (26, 3118), (27, 7071), (22, 11963), (27, 17918), (27, 7666), (23, 13604), (27, 747), (27, 21421), (27, 2199), (27, 18309), (22, 19219), (27, 10833), (21, 22217), (27, 7241), (27, 6569), (25, 8413), (26, 16381), (26, 5610), (21, 17529), (20, 8277), (27, 9965), (24, 3772), (26, 20226), (21, 10293), (24, 13772), (27, 7479), (25, 16107), (22, 11298), (26, 16220), (27, 15711), (24, 13613), (26, 1551), (26, 15091), (27, 13133), (27, 17373), (27, 13073), (26, 9655), (27, 14398), (20, 22474), (27, 21949), (9, 7072), (27, 14457), (26, 8899), (23, 20668), (26, 15773), (27, 6438), (23, 22161), (22, 3900), (26, 16018), (27, 9064), (27, 10996), (19, 11477), (24, 21932), (27, 3040), (27, 17991), (27, 1378), (26, 12402), (22, 17243), (26, 3602), (27, 3261), (23, 5873), (20, 7046), (27, 14978), (27, 16144), (27, 18536), (21, 17473), (27, 19681), (26, 13561), (21, 7036), (23, 2744), (25, 14897), (20, 21023), (26, 21691), (26, 3254), (27, 8701), (23, 7222), (27, 4963), (25, 13831), (27, 18908), (25, 11184), (26, 13483), (27, 11438), (26, 18757), (26, 15008), (27, 17575), (26, 19046), (27, 8710), (20, 623), (26, 14100), (26, 20003), (27, 12608), (27, 10725), (26, 20631), (25, 20700), (27, 1970), (23, 8227), (27, 5430), (26, 4195), (25, 1820), (27, 22306), (27, 13672), (27, 5729), (26, 12196), (27, 1674), (27, 17886), (26, 20039), (26, 872), (26, 1481), (27, 15288), (21, 16109), (20, 19796), (26, 14147), (27, 9785), (26, 6997), (26, 12583), (27, 853), (21, 14422), (21, 20617), (27, 8682), (25, 21000), (27, 2889), (26, 11424), (27, 8319), (26, 5376), (27, 6954), (26, 22355), (26, 18023), (27, 9780), (27, 7702), (27, 2714), (27, 11850), (27, 21438), (27, 21628), (27, 1760), (26, 15365), (27, 15807), (26, 21957), (26, 21192), (27, 19513), (27, 10292), (23, 17795), (27, 5629), (27, 4404), (25, 5412), (27, 14887), (26, 5819), (27, 9548), (26, 21953), (25, 3290), (26, 19105), (27, 21116), (27, 12644), (26, 6609), (25, 6882), (27, 11236), (26, 22125), (27, 18228), (27, 16761), (27, 6371), (27, 22879), (26, 13521), (24, 14524), (27, 16835), (23, 21740), (27, 20879), (27, 20671), (27, 7085), (27, 15184), (27, 21176), (26, 6180), (26, 20020), (26, 13246), (5, 547), (27, 2979), (26, 1209), (26, 8040), (22, 14720), (27, 13652), (27, 2980), (26, 8178), (21, 15206), (27, 17124), (25, 22442), (27, 15442), (27, 18823), (26, 21317), (27, 4944), (26, 7729), (26, 16848), (24, 22877), (26, 22942), (27, 15678), (27, 3432), (27, 18869), (26, 10704), (26, 9447), (25, 16619), (25, 5137), (27, 5151), (20, 14226), (24, 12936), (26, 1587), (27, 19546), (22, 8084), (20, 5336), (26, 19676), (27, 22862), (27, 11235), (20, 22034), (26, 11133), (22, 19851), (26, 6797), (27, 19689), (27, 9586), (24, 8083), (27, 3611), (21, 2846), (20, 10141), (27, 21011), (27, 3575), (27, 13280), (26, 22326), (26, 12375), (25, 6925), (27, 58), (27, 19215), (26, 3986), (26, 685), (25, 3579), (21, 15319), (27, 20132), (27, 11677), (27, 17645), (27, 23019), (21, 20714), (20, 1335), (27, 967), (27, 22588), (27, 4947), (27, 20021), (25, 8498), (27, 8164), (26, 8279), (21, 12566), (26, 10056), (27, 19090), (25, 15278), (20, 1282), (25, 8725), (26, 21200), (23, 8750), (26, 12784), (27, 336), (27, 1748), (26, 13379), (24, 16302), (26, 6774), (27, 13715), (27, 19847), (26, 1195), (25, 4022), (27, 18496), (26, 18759), (22, 20324), (27, 6928), (27, 4400), (22, 6098), (27, 3003), (26, 4826), (27, 6139), (26, 17432), (27, 17062), (25, 20585), (22, 21645), (10, 7072), (22, 4070), (26, 22322), (27, 2114), (27, 22205), (21, 3038), (26, 15098), (25, 17048), (27, 1592), (27, 12158), (26, 21541), (27, 12380), (25, 18364), (21, 16606), (22, 19246), (27, 9414), (27, 5654), (21, 8080), (25, 1642), (27, 22220), (25, 7000), (27, 6187), (27, 2071), (27, 21653), (26, 20674), (27, 15951), (27, 11078), (24, 17687), (27, 10511), (21, 2924), (26, 14366), (26, 22856), (26, 9115), (27, 15831), (26, 18980), (27, 10232), (27, 7234), (27, 6871), (24, 15076), (26, 13279), (26, 17281), (26, 21468), (27, 1312), (25, 8181), (27, 10906), (27, 12031), (27, 3553), (26, 15768), (27, 11147), (27, 20490), (27, 12469), (27, 11006), (27, 7432), (27, 20417), (25, 8573), (26, 22248), (24, 1528), (27, 17771), (27, 12264), (27, 1987), (21, 9987), (27, 8237), (26, 4178), (23, 17103), (27, 18153), (20, 22748), (27, 10322), (26, 18504), (27, 22985), (25, 5463), (27, 19558), (27, 749), (27, 12344), (26, 939), (27, 1372), (26, 2631), (26, 19940), (23, 14892), (26, 4193), (26, 6463), (26, 17094), (23, 4591), (27, 20712), (27, 21914), (23, 476), (26, 20798), (27, 19555), (22, 19159), (27, 14042), (27, 18210), (23, 3547), (27, 22025), (26, 4034), (26, 3778), (27, 14837), (25, 4325), (22, 7104), (26, 17621), (26, 5348), (26, 7758), (27, 4829), (27, 5168), (26, 18740), (25, 4893), (27, 8752), (27, 13516), (27, 904), (27, 18187), (26, 10946), (25, 12153), (27, 4484), (27, 20950), (21, 3770), (27, 14607), (3, 15828), (26, 6492), (22, 22943), (22, 9195), (27, 16863), (27, 328), (26, 5955), (25, 17526), (27, 21325), (26, 9968), (24, 20282), (27, 22462), (27, 12577), (27, 9130), (27, 17057), (25, 19404), (26, 22756), (24, 21373), (26, 1668), (26, 13363), (20, 8361), (21, 8329), (23, 2410), (27, 18956), (26, 14016), (26, 2744), (27, 12990), (27, 6740), (27, 3337), (27, 4991), (27, 3893), (27, 16775), (26, 8004), (26, 3077), (25, 1550), (20, 4981), (27, 8298), (21, 13304), (26, 21698), (27, 872), (27, 16527), (22, 6977), (27, 13208), (27, 20196), (27, 20160), (22, 16892), (27, 1072), (27, 719), (25, 10059), (23, 17836), (26, 3378), (27, 389), (22, 22035), (23, 3131), (27, 10435), (20, 21124), (26, 1557), (27, 8321), (26, 13520), (26, 10917), (27, 22518), (20, 9314), (27, 8588), (26, 11347), (24, 7018), (27, 6980), (27, 20627), (25, 14133), (27, 11607), (27, 9668), (21, 3032), (26, 19522), (26, 5093), (27, 10022), (24, 19781), (26, 4833), (25, 9383), (26, 3943), (23, 775), (26, 15295), (27, 19432), (27, 2974), (4, 456), (26, 14238), (27, 5804), (27, 18231), (26, 9276), (24, 22960), (22, 21726), (25, 9049), (27, 14615), (20, 17097), (26, 15464), (27, 11053), (24, 7582), (24, 874), (24, 15766), (26, 1707), (24, 18230), (26, 22150), (26, 21687), (27, 3035), (26, 9168), (27, 18406), (26, 8766), (27, 19849), (27, 15613), (25, 7047), (1, 22305), (26, 6659), (26, 1965), (26, 12042), (26, 11455), (27, 20685), (25, 14708), (25, 22614), (26, 1060), (23, 21131), (26, 2598), (22, 8867), (23, 12500), (27, 17750), (26, 16934), (24, 8403), (19, 15701), (20, 4930), (27, 2630), (27, 15557), (26, 7481), (26, 20066), (27, 22529), (27, 7449), (27, 11004), (27, 1787), (20, 19520), (26, 280), (26, 890), (26, 5385), (21, 8614), (26, 2127), (26, 755), (25, 6360), (27, 489), (26, 2332), (23, 8519), (27, 3663), (26, 5483), (27, 17326), (26, 14178), (22, 7380), (21, 4349), (20, 2987), (25, 11552), (23, 8295), (27, 6911), (26, 20079), (19, 11899), (26, 4556), (27, 11221), (27, 3624), (27, 13437), (22, 8830), (27, 10676), (27, 21490), (22, 8283), (22, 392), (27, 4034), (26, 15968), (21, 16047), (20, 23014), (26, 16744), (24, 11916), (27, 19003), (26, 1934), (27, 1489), (26, 6525), (20, 10704), (27, 11299), (26, 7927), (26, 5173), (25, 10043), (24, 862), (27, 8348), (22, 16394), (26, 12108), (22, 15653), (26, 17654), (22, 21137), (5, 19637), (26, 7638), (27, 5050), (26, 4442), (20, 4237), (26, 11509), (26, 15702), (22, 16117), (26, 7660), (21, 21208), (23, 3570), (26, 19927), (26, 13100), (27, 12233), (26, 19281), (21, 13852), (27, 19900), (22, 11081), (27, 7623), (27, 19026), (27, 17597), (22, 2421), (26, 4053), (27, 2412), (26, 3190), (25, 8893), (27, 16964), (27, 2909), (25, 22797), (27, 16360), (26, 16736), (27, 4987), (27, 20746), (27, 16297), (27, 21608), (27, 14206), (27, 4378), (22, 14831), (25, 8178), (26, 943), (24, 7131), (22, 19708), (26, 19387), (27, 13111), (25, 2027), (26, 1210), (26, 5860), (26, 8250), (26, 14047), (27, 9510), (21, 3290), (23, 7266), (21, 6753), (26, 18721), (27, 11112), (26, 10497), (3, 6016), (22, 21120), (26, 10767), (26, 20174), (27, 17048), (27, 5224), (26, 17764), (23, 17528), (27, 3906), (26, 9999), (21, 8815), (24, 5245), (20, 18976), (27, 4783), (26, 11103), (27, 4153), (27, 1982), (20, 7723), (27, 342), (27, 7832), (27, 6798), (27, 8228), (22, 4099), (25, 6176), (26, 6315), (24, 15671), (21, 22629), (27, 7003), (25, 10126), (27, 768), (27, 608), (24, 5251), (26, 13709), (27, 2613), (25, 19674), (21, 2662), (26, 4908), (27, 5564), (27, 12017), (27, 271), (26, 1106), (27, 22297), (20, 6959), (22, 15673), (27, 2849), (27, 13019), (27, 18179), (26, 15582), (27, 17319), (22, 5039), (27, 11015), (22, 7774), (25, 12149), (26, 2407), (27, 3691), (27, 2807), (26, 20440), (24, 12400), (27, 7347), (27, 5192), (26, 10954), (27, 843), (27, 816), (25, 4215), (27, 6675), (27, 21540), (25, 12348), (27, 11479), (27, 20092), (21, 9794), (24, 22052), (26, 20918), (23, 13187), (26, 14599), (24, 3558), (26, 4600), (22, 21389), (22, 6605), (27, 5519), (27, 5281), (27, 5411), (26, 7736), (26, 16752), (21, 10847), (26, 9054), (22, 10406), (26, 11719), (21, 20551), (21, 10746), (27, 16040), (23, 360), (22, 14439), (26, 3038), (27, 9201), (27, 2958), (27, 12884), (26, 6961), (16, 4649), (26, 8534), (24, 16792), (27, 2058), (26, 22804), (27, 18471), (27, 15410), (26, 15681), (27, 3654), (27, 14592), (25, 313), (27, 2778), (26, 2810), (26, 9540), (26, 3615), (27, 22485), (27, 19985), (27, 12771), (26, 2225), (21, 1933), (26, 16368), (22, 887), (27, 8686), (22, 10872), (26, 16906), (25, 11985), (26, 6323), (27, 2600), (26, 12880), (22, 5388), (27, 21890), (27, 4315), (23, 15455), (26, 18537), (26, 13139), (26, 1886), (21, 18046), (26, 9294), (21, 800), (27, 15866), (25, 14521), (26, 13851), (23, 657), (27, 11612), (27, 3982), (26, 15568), (27, 16707), (27, 8562), (26, 3631), (22, 19256), (25, 11298), (25, 10112), (26, 19019), (23, 3703), (6, 12151), (27, 367), (22, 3211), (22, 8027), (27, 4160), (27, 19002), (26, 706), (26, 16718), (27, 12245), (22, 8173), (21, 15105), (17, 5219), (26, 11362), (19, 9719), (21, 759), (27, 12521), (21, 21240), (27, 12956), (22, 12638), (26, 3674), (26, 22673), (19, 889), (27, 13330), (22, 2147), (27, 3330), (22, 15703), (26, 20407), (27, 11034), (20, 14113), (24, 19218), (27, 11741), (25, 3129), (26, 3139), (27, 15021), (26, 17509), (26, 18077), (24, 10834), (26, 10433), (27, 10305), (26, 10434), (26, 22983), (27, 10739), (21, 22315), (27, 19993), (27, 11582), (26, 2296), (27, 23018), (27, 11793), (22, 13014), (23, 948), (17, 4345), (23, 22944), (27, 14789), (22, 5144), (26, 6434), (27, 15620), (27, 13944), (22, 12234), (27, 16675), (27, 11485), (26, 891), (26, 11221), (25, 9412), (22, 7559), (27, 723), (19, 13179), (26, 15045), (22, 8872), (24, 9607), (21, 9831), (25, 15656), (21, 9501), (24, 19133), (26, 4188), (21, 6374), (26, 12878), (3, 3095), (27, 2997), (26, 8401), (21, 12869), (26, 2538), (27, 420), (27, 3559), (26, 8339), (25, 19863), (26, 12882), (26, 9045), (26, 4393), (26, 21552), (23, 1387), (27, 2733), (27, 11588), (27, 19476), (27, 15814), (26, 13615), (21, 17926), (25, 14098), (25, 5094), (26, 15951), (25, 10569), (27, 994), (18, 1013), (20, 4094), (22, 22725), (21, 12904), (22, 2930), (22, 15488), (25, 11944), (26, 19868), (27, 22509), (26, 21732), (27, 15904), (22, 21182), (22, 22398), (25, 20601), (27, 3510), (27, 5922), (27, 8887), (22, 11079), (20, 6572), (27, 16922), (26, 18318), (26, 2115), (27, 4283), (26, 19109), (27, 4699), (26, 4949), (27, 22178), (27, 9954), (27, 4111), (26, 12890), (27, 419), (26, 14114), (27, 12306), (27, 15748), (26, 868), (24, 944), (27, 5762), (25, 20268), (27, 22554), (27, 4561), (21, 18657), (27, 21297), (21, 3542), (27, 3827), (23, 5516), (27, 3965), (27, 7233), (24, 11380), (25, 2734), (27, 13077), (25, 18282), (26, 13270), (26, 21243), (21, 5935), (26, 11967), (22, 12257), (26, 9889), (26, 14656), (20, 3471), (27, 18009), (27, 16201), (27, 11745), (26, 14682), (4, 22073), (21, 2844), (26, 7771), (22, 8794), (27, 1654), (26, 18497), (16, 19459), (25, 8141), (21, 5619), (26, 21584), (25, 9468), (27, 11969), (27, 21359), (21, 16609), (21, 11707), (27, 4979), (23, 17243), (21, 13546), (26, 8071), (25, 5869), (24, 13363), (26, 22951), (26, 20952), (21, 9835), (26, 18351), (27, 429), (27, 12948), (26, 3232), (26, 18120), (24, 13705), (27, 6308), (26, 15663), (27, 2989), (21, 4735), (27, 5392), (22, 7808), (27, 16954), (25, 22524), (22, 9206), (27, 9978), (22, 6083), (26, 4043), (27, 382), (20, 1610), (27, 6723), (27, 2183), (25, 16803), (22, 18385), (27, 4802), (27, 9494), (26, 2428), (26, 16852), (26, 4134), (25, 16606), (25, 15940), (27, 17127), (22, 2148), (24, 1875), (26, 8963), (27, 21736), (24, 13995), (20, 13368), (23, 15204), (27, 20377), (22, 20870), (26, 155), (27, 9925), (27, 12111), (26, 9557), (26, 12241), (24, 2666), (26, 10712), (26, 11612), (26, 9792), (24, 3448), (26, 1288), (26, 13770), (27, 3528), (26, 16241), (27, 10407), (27, 17715), (21, 22316), (26, 4114), (25, 13112), (25, 19321), (26, 21686), (27, 12530), (27, 10580), (26, 18460), (25, 16966), (22, 1441), (24, 17033), (27, 7818), (27, 71), (22, 15386), (26, 22729), (26, 18045), (20, 19885), (26, 20964), (27, 2715), (23, 8136), (26, 11912), (22, 8508), (26, 3465), (26, 18406), (26, 17693), (26, 7180), (27, 12160), (27, 7223), (27, 13776), (26, 20541), (24, 8338), (18, 4847), (27, 5385), (22, 11812), (17, 19078), (26, 22103), (27, 19488), (25, 2590), (26, 17335), (26, 14292), (26, 21847), (27, 19877), (27, 6089), (27, 12370), (20, 20180), (26, 15382), (27, 8781), (27, 291), (26, 16210), (22, 20490), (27, 20506), (27, 13706), (26, 13719), (25, 7975), (26, 11620), (26, 16680), (23, 14122), (27, 20648), (22, 14480), (22, 7863), (27, 13184), (3, 659), (26, 16612), (20, 973), (27, 475), (25, 5621), (25, 16981), (22, 5003), (27, 9633), (27, 338), (26, 2015), (27, 4693), (26, 11174), (20, 9270), (21, 20315), (27, 6710), (22, 22389), (26, 18021), (27, 13273), (25, 13301), (26, 22903), (27, 4185), (27, 2942), (27, 7423), (26, 1769), (26, 6197), (26, 17068), (21, 5026), (27, 4532), (27, 17136), (21, 14148), (25, 20006), (26, 1697), (27, 18614), (27, 17916), (27, 13041), (22, 14820), (25, 8170), (27, 612), (20, 16448), (25, 8999), (24, 4692), (26, 20554), (22, 21573), (27, 22772), (26, 8734), (20, 9592), (25, 2762), (25, 535), (25, 21281), (27, 9083), (27, 12320), (27, 12018), (27, 5771), (27, 11360), (26, 13259), (25, 4523), (24, 6143), (27, 10430), (26, 16974), (26, 17795), (27, 11609), (26, 6538), (27, 8294), (26, 1589), (27, 14025), (20, 13529), (27, 20907), (25, 17144), (22, 10161), (27, 3470), (22, 8683), (25, 2972), (26, 4610), (25, 19292), (24, 13380), (20, 8869), (27, 19017), (27, 14827), (27, 14866), (24, 15854), (27, 1301), (23, 22538), (25, 2630), (27, 13999), (27, 6831), (26, 17677), (4, 15255), (21, 18619), (27, 2618), (21, 10940), (26, 10731), (25, 17518), (20, 10660), (27, 2176), (27, 14821), (26, 8692), (22, 10853), (26, 455), (27, 14796), (21, 10970), (20, 14030), (25, 13892), (18, 7825), (27, 3008), (26, 18220), (26, 115), (26, 833), (22, 22466), (27, 16603), (27, 3135), (27, 197), (23, 124), (27, 3763), (27, 20345), (21, 17601), (27, 5810), (26, 9459), (27, 2820), (26, 4211), (21, 5036), (27, 4348), (26, 14421), (26, 1297), (26, 368), (21, 21716), (21, 22476), (27, 3922), (27, 16640), (26, 19687), (26, 22831), (25, 10040), (27, 597), (24, 10246), (26, 15214), (27, 2101), (27, 6783), (27, 21978), (25, 17241), (26, 16176), (27, 11973), (26, 4736), (25, 17835), (21, 14276), (23, 3433), (21, 2617), (27, 2702), (26, 13184), (26, 9214), (25, 3328), (21, 6557), (26, 22425), (22, 17895), (23, 19118), (23, 13556), (26, 3979), (26, 16268), (27, 2992), (22, 6300), (26, 17056), (27, 16630), (26, 16334), (24, 1916), (26, 13112), (24, 12708), (23, 17048), (26, 13508), (26, 1957), (27, 19542), (25, 12524), (20, 13966), (21, 10740), (27, 2017), (27, 22398), (27, 13832), (27, 4966), (27, 22979), (27, 21761), (27, 22154), (26, 10648), (26, 10460), (27, 8397), (27, 8922), (21, 13428), (25, 2370), (24, 16625), (25, 17153), (24, 1903), (24, 18939), (21, 18762), (26, 5171), (26, 22348), (25, 8108), (22, 20834), (22, 2315), (26, 9407), (27, 6619), (22, 942), (23, 13776), (27, 5106), (26, 11293), (25, 1052), (26, 18648), (7, 19920), (21, 19573), (26, 15069), (25, 1701), (16, 3969), (26, 929), (22, 4142), (23, 18634), (27, 15573), (26, 18037), (22, 2077), (27, 4633), (27, 12856), (27, 1414), (19, 10084), (27, 16431), (26, 12809), (27, 21130), (26, 2789), (24, 19984), (27, 10203), (27, 15510), (25, 18919), (21, 20500), (19, 9584), (26, 12152), (23, 6837), (27, 4144), (20, 5440), (27, 14195), (6, 3413), (26, 4451), (27, 13843), (20, 682), (27, 6285), (27, 1624), (27, 6834), (23, 17350), (27, 4564), (27, 7057), (26, 22910), (22, 15758), (20, 517), (22, 15672), (27, 5272), (27, 15349), (25, 17482), (27, 3580), (22, 7814), (27, 14712), (27, 22404), (26, 2596), (26, 6261), (27, 11492), (26, 9420), (27, 7779), (25, 16755), (26, 13789), (27, 20631), (26, 21553), (26, 6369), (24, 12502), (27, 21504), (25, 5663), (20, 5853), (27, 8492), (27, 12943), (25, 848), (27, 19042), (20, 17776), (26, 19094), (27, 7312), (21, 12383), (27, 22407), (26, 1488), (21, 10927), (23, 17672), (27, 15461), (25, 2766), (26, 18500), (24, 15959), (27, 9380), (27, 10530), (27, 9649), (24, 20814), (4, 1173), (21, 13178), (27, 21836), (27, 18979), (27, 15117), (26, 13834), (7, 6455), (26, 8030), (23, 12586), (27, 22016), (22, 19203), (25, 22436), (18, 9549), (27, 19161), (20, 2745), (27, 15509), (20, 17791), (18, 14745), (26, 14427), (24, 16148), (21, 6479), (26, 19029), (27, 21219), (25, 14408), (26, 7489), (25, 424), (26, 4005), (26, 14022), (22, 15909), (22, 1741), (22, 409), (14, 1541), (26, 14008), (23, 419), (23, 2844), (24, 14755), (27, 7127), (27, 10612), (20, 20267), (24, 11310), (27, 14104), (26, 17201), (20, 14489), (22, 17135), (26, 9619), (27, 3315), (22, 3915), (25, 17327), (26, 9641), (24, 4769), (27, 12487), (26, 2957), (27, 5588), (26, 10284), (23, 4241), (19, 16134), (27, 15515), (24, 5967), (22, 19467), (23, 18871), (26, 18343), (20, 21731), (27, 15315), (27, 6035), (26, 5600), (21, 14250), (22, 18590), (26, 22218), (26, 309), (14, 1678), (21, 21635), (22, 6315), (27, 20726), (24, 10866), (27, 14057), (27, 19838), (27, 17247), (27, 2575), (24, 11116), (24, 5867), (27, 21361), (26, 6207), (20, 12623), (27, 10226), (26, 10390), (27, 7688), (26, 19549), (26, 16966), (21, 2761), (6, 4718), (27, 15377), (27, 19087), (20, 4611), (25, 16936), (23, 2489), (26, 271), (26, 20290), (26, 5210), (26, 17633), (21, 4128), (26, 20599), (27, 11883), (20, 9109), (26, 22579), (19, 20682), (21, 17912), (24, 16527), (26, 6438), (27, 8859), (27, 7276), (24, 8479), (26, 22199), (27, 20290), (26, 12252), (20, 17235), (26, 13485), (27, 2529), (26, 12484), (20, 19264), (26, 19189), (21, 19144), (27, 3119), (27, 13521), (21, 11709), (27, 3186), (27, 12523), (26, 3074), (26, 3816), (26, 17857), (26, 9254), (25, 1998), (27, 4506), (27, 4611), (26, 15730), (25, 9602), (27, 18895), (26, 16443), (23, 896), (24, 22950), (25, 13371), (21, 4113), (24, 22620), (27, 22349), (19, 12184), (27, 13880), (21, 22980), (27, 8434), (27, 15112), (26, 248), (22, 1347), (27, 6807), (23, 4722)]
Top 25% MLP neuron dimensions: [(27, 18943), (23, 18237), (27, 14752), (27, 7025), (27, 22903), (24, 9588), (27, 20122), (27, 8685), (27, 728), (20, 420), (27, 15891), (27, 5719), (27, 5621), (27, 20649), (27, 118), (26, 197), (21, 19574), (27, 6223), (27, 391), (26, 7053), (27, 7737), (27, 17423), (27, 13445), (27, 16887), (27, 7440), (27, 19162), (27, 11350), (26, 9646), (27, 12400), (26, 19905), (27, 21529), (27, 12726), (27, 251), (26, 14896), (26, 13634), (27, 23014), (26, 4234), (27, 20678), (27, 14563), (26, 5152), (26, 18674), (25, 16362), (27, 854), (27, 19365), (27, 22258), (27, 16615), (27, 9885), (26, 6016), (27, 946), (27, 18442), (27, 5489), (27, 9283), (26, 17594), (27, 13382), (27, 1854), (25, 2300), (26, 18344), (26, 22296), (27, 13505), (27, 3025), (26, 16786), (27, 10399), (26, 378), (27, 7138), (27, 11631), (22, 17204), (27, 6631), (26, 3130), (27, 9228), (27, 6121), (27, 6423), (27, 21495), (26, 20064), (26, 7165), (27, 5066), (27, 10527), (22, 15467), (26, 11884), (26, 985), (27, 20778), (26, 13145), (27, 3976), (27, 22216), (27, 2218), (27, 15441), (27, 20270), (21, 11461), (26, 17364), (27, 20985), (27, 15982), (26, 19003), (27, 862), (26, 17703), (26, 9078), (27, 15734), (27, 12058), (26, 1541), (27, 10809), (27, 2303), (27, 4098), (27, 22006), (26, 2963), (26, 12023), (26, 7128), (27, 4936), (27, 21117), (27, 1441), (27, 3172), (27, 20136), (21, 16264), (21, 9566), (27, 22708), (22, 1848), (27, 13329), (27, 16353), (26, 12492), (27, 20711), (26, 21645), (26, 5316), (27, 9646), (26, 21141), (27, 7390), (27, 8868), (26, 22791), (26, 21834), (27, 9607), (26, 339), (26, 14608), (27, 20810), (26, 14874), (27, 13341), (27, 17231), (26, 1390), (19, 10081), (26, 10540), (27, 12095), (27, 21374), (21, 23007), (27, 12205), (27, 16272), (27, 21286), (26, 5929), (27, 2993), (26, 18787), (26, 14837), (27, 20281), (27, 6109), (26, 16952), (27, 879), (27, 15124), (27, 9813), (22, 3837), (26, 21586), (27, 18416), (27, 2829), (27, 7607), (27, 5433), (26, 9533), (27, 8848), (26, 103), (26, 942), (27, 21235), (24, 12406), (27, 3275), (26, 22569), (27, 14628), (26, 6891), (26, 3548), (27, 6349), (26, 20600), (27, 1319), (27, 14324), (27, 18337), (27, 6430), (26, 10211), (27, 12987), (25, 9329), (27, 12089), (27, 18215), (27, 8792), (27, 17032), (27, 9603), (27, 10018), (27, 15081), (27, 13108), (26, 10194), (27, 13722), (26, 16715), (27, 464), (27, 2926), (22, 16545), (27, 21662), (27, 20593), (27, 8936), (27, 21777), (27, 3165), (27, 5757), (27, 19097), (27, 10174), (26, 6069), (26, 19424), (22, 10990), (26, 19369), (26, 501), (27, 4488), (27, 22792), (27, 5196), (27, 3396), (26, 15952), (27, 19621), (27, 14190), (26, 20643), (27, 18449), (27, 732), (26, 6065), (26, 16067), (27, 13792), (26, 5586), (27, 1815), (27, 13099), (27, 11156), (27, 11362), (27, 14377), (26, 5667), (27, 21086), (26, 13004), (27, 12708), (27, 16534), (27, 3891), (27, 21759), (27, 11927), (26, 13766), (27, 11990), (27, 907), (26, 8728), (22, 7384), (21, 10484), (26, 1001), (26, 6530), (27, 5853), (27, 16332), (24, 7868), (27, 14988), (27, 7095), (26, 15292), (27, 8262), (21, 16055), (27, 22480), (27, 1572), (25, 17164), (27, 18750), (27, 18858), (26, 12413), (27, 12188), (27, 11682), (27, 21714), (26, 3480), (27, 2118), (27, 10966), (27, 17371), (27, 5125), (25, 3618), (27, 5811), (27, 244), (26, 13349), (26, 17124), (27, 18733), (26, 9278), (27, 15428), (27, 8478), (27, 21120), (27, 5199), (26, 22066), (27, 8032), (27, 16328), (27, 18345), (27, 254), (27, 2915), (27, 9198), (27, 3538), (26, 11997), (27, 17819), (27, 4221), (25, 8303), (25, 14163), (20, 3623), (27, 8026), (27, 14815), (27, 10936), (27, 15246), (26, 512), (27, 80), (27, 8347), (27, 22625), (27, 16782), (27, 12102), (27, 19611), (27, 7994), (26, 18756), (27, 1276), (26, 22023), (27, 20684), (27, 15696), (27, 17456), (27, 11056), (23, 15213), (26, 6285), (27, 16436), (27, 8350), (27, 22396), (27, 935), (27, 4173), (27, 6066), (27, 21202), (27, 12201), (27, 12822), (27, 2163), (27, 2112), (27, 12404), (27, 20287), (27, 22375), (21, 15442), (27, 5994), (27, 12113), (25, 216), (27, 7302), (27, 1721), (26, 22732), (27, 12616), (27, 4386), (27, 16010), (27, 9863), (27, 5329), (27, 7475), (26, 7345), (27, 22028), (26, 6567), (27, 20458), (26, 20422), (27, 2099), (27, 8009), (27, 13338), (24, 11575), (27, 10811), (27, 21729), (27, 8915), (26, 12649), (27, 658), (27, 3607), (27, 10975), (27, 15432), (27, 10335), (27, 1642), (27, 20158), (27, 5632), (27, 11108), (27, 8107), (27, 11587), (27, 5095), (26, 1205), (27, 10518), (26, 18988), (27, 18394), (27, 18399), (26, 16189), (27, 1274), (27, 20706), (27, 19418), (27, 5646), (27, 1150), (27, 3108), (26, 9175), (27, 21016), (27, 17881), (27, 22597), (27, 5478), (27, 10902), (27, 22770), (26, 134), (27, 15669), (27, 3958), (27, 8187), (27, 20634), (22, 9203), (27, 13602), (27, 2381), (27, 2423), (27, 22427), (27, 3586), (26, 12412), (27, 13190), (27, 18992), (27, 9549), (24, 17609), (27, 10474), (27, 19180), (27, 13648), (27, 21072), (26, 10347), (25, 11821), (26, 12097), (26, 12884), (26, 10868), (26, 14777), (27, 21277), (27, 14678), (27, 10365), (27, 13911), (26, 19488), (27, 14380), (23, 10648), (27, 5333), (27, 3352), (27, 16803), (26, 6726), (22, 19647), (27, 14460), (27, 11391), (27, 6373), (26, 13031), (27, 3916), (27, 279), (26, 12799), (27, 22987), (26, 4297), (26, 10318), (27, 12881), (27, 17185), (26, 17040), (27, 20533), (24, 6900), (27, 13391), (27, 13606), (27, 18104), (20, 1861), (21, 20925), (27, 5570), (27, 943), (27, 2018), (27, 23028), (27, 7257), (26, 9439), (27, 19459), (27, 21060), (27, 14824), (25, 21671), (24, 8566), (26, 9788), (26, 17824), (27, 17546), (27, 2161), (27, 6776), (27, 8046), (27, 21068), (27, 12544), (27, 9251), (27, 5618), (27, 13834), (27, 18413), (27, 22561), (27, 21281), (27, 20240), (27, 13998), (27, 6247), (27, 19935), (26, 7991), (27, 21508), (27, 15380), (27, 21051), (27, 16744), (21, 5255), (26, 17441), (26, 20077), (27, 15736), (27, 13538), (26, 11587), (22, 13814), (24, 14368), (27, 16065), (27, 6621), (27, 13835), (27, 10632), (27, 1220), (27, 7015), (22, 20873), (26, 4924), (27, 1244), (27, 12875), (26, 1592), (27, 5088), (26, 20068), (26, 3215), (27, 14489), (27, 793), (21, 19053), (26, 3203), (26, 3777), (26, 20167), (26, 22519), (25, 7498), (27, 3573), (27, 11731), (27, 4789), (27, 20558), (26, 10527), (27, 13381), (27, 1080), (27, 19286), (26, 10739), (26, 6219), (25, 20146), (27, 15383), (27, 9218), (27, 1002), (27, 5532), (27, 2072), (27, 21588), (26, 619), (26, 12331), (27, 16427), (27, 19434), (25, 467), (26, 13563), (27, 19619), (27, 21015), (22, 4278), (27, 15954), (22, 4031), (27, 12733), (27, 11674), (26, 13237), (26, 13390), (26, 260), (23, 20097), (5, 14537), (27, 20814), (27, 4081), (27, 12183), (26, 13329), (27, 20448), (26, 3791), (27, 3808), (26, 19051), (27, 17092), (21, 19723), (27, 2442), (27, 18795), (27, 20595), (26, 1244), (27, 17061), (27, 20704), (27, 12307), (24, 1506), (27, 21248), (20, 3683), (22, 5850), (25, 12824), (27, 7514), (27, 11486), (25, 286), (27, 16988), (26, 3413), (27, 10150), (27, 12170), (27, 9456), (27, 5636), (22, 18776), (27, 22114), (27, 16038), (26, 17507), (27, 16309), (24, 15658), (26, 921), (21, 5625), (27, 17815), (27, 11330), (27, 10944), (27, 19398), (25, 21241), (24, 11136), (27, 22215), (26, 14818), (27, 77), (21, 14898), (26, 17676), (27, 13702), (25, 15781), (27, 11578), (27, 12538), (27, 14410), (26, 7917), (27, 581), (26, 9735), (21, 22037), (20, 16639), (27, 12231), (26, 18764), (18, 4345), (26, 9308), (27, 1083), (26, 22681), (26, 1071), (27, 17781), (25, 1459), (26, 10728), (26, 16945), (27, 19315), (26, 8294), (26, 3665), (24, 20516), (22, 18467), (27, 2754), (27, 22798), (27, 11318), (26, 661), (22, 4740), (22, 8074), (26, 19437), (27, 14479), (3, 19432), (22, 13993), (27, 1363), (27, 6169), (27, 13893), (27, 17341), (27, 8959), (21, 22214), (27, 14706), (27, 447), (27, 15481), (27, 1361), (26, 16105), (27, 11322), (27, 14254), (26, 21941), (27, 21843), (27, 6757), (27, 15033), (27, 19273), (26, 20521), (26, 21022), (26, 16338), (27, 17224), (24, 19517), (27, 19972), (24, 6368), (27, 12923), (27, 18143), (27, 6447), (27, 6996), (27, 20480), (27, 2633), (27, 18814), (27, 13970), (21, 13342), (27, 6166), (27, 18547), (27, 1231), (26, 11131), (27, 17646), (27, 13618), (27, 9703), (27, 18270), (26, 5690), (27, 19420), (27, 2567), (27, 659), (27, 20799), (27, 22315), (25, 22146), (21, 816), (26, 4834), (25, 16716), (27, 18571), (26, 9183), (23, 10558), (23, 8985), (22, 1713), (27, 17673), (24, 672), (26, 20363), (26, 19702), (27, 13003), (26, 4569), (27, 11622), (27, 7639), (27, 22067), (27, 33), (27, 20318), (27, 11981), (27, 15988), (23, 18814), (27, 18156), (27, 5824), (27, 6130), (27, 1287), (27, 8590), (27, 2107), (23, 1099), (27, 20932), (27, 1521), (27, 668), (27, 18303), (27, 5592), (27, 5774), (27, 7249), (27, 8010), (26, 21966), (27, 5143), (27, 3556), (27, 20356), (27, 7770), (26, 8100), (26, 17609), (27, 10662), (18, 20337), (26, 18468), (27, 8455), (27, 16023), (21, 960), (26, 21970), (26, 7950), (26, 571), (27, 14001), (27, 2944), (18, 21047), (26, 12692), (27, 938), (27, 1412), (27, 20919), (27, 17839), (26, 1744), (27, 3303), (27, 18142), (26, 11840), (27, 23003), (23, 3913), (20, 9296), (26, 4855), (19, 14421), (26, 8209), (27, 11539), (27, 5220), (26, 20650), (27, 18811), (26, 16487), (26, 7876), (26, 4939), (27, 11619), (27, 13867), (27, 12957), (25, 12910), (25, 7393), (25, 382), (22, 18360), (26, 17239), (27, 362), (20, 8829), (26, 9710), (26, 5113), (22, 13413), (27, 9202), (21, 8917), (27, 7658), (27, 22056), (25, 5259), (27, 7038), (26, 22101), (27, 13854), (27, 225), (27, 22899), (27, 7456), (21, 14798), (24, 23011), (27, 20567), (27, 9671), (26, 3118), (27, 7071), (22, 11963), (27, 17918), (27, 7666), (23, 13604), (27, 747), (27, 21421), (27, 2199), (27, 18309), (22, 19219), (27, 10833), (21, 22217), (27, 7241), (27, 6569), (25, 8413), (26, 16381), (26, 5610), (21, 17529), (20, 8277), (27, 9965), (24, 3772), (26, 20226), (21, 10293), (24, 13772), (27, 7479), (25, 16107), (22, 11298), (26, 16220), (27, 15711), (24, 13613), (26, 1551), (26, 15091), (27, 13133), (27, 17373), (27, 13073), (26, 9655), (27, 14398), (20, 22474), (27, 21949), (9, 7072), (27, 14457), (26, 8899), (23, 20668), (26, 15773), (27, 6438), (23, 22161), (22, 3900), (26, 16018), (27, 9064), (27, 10996), (19, 11477), (24, 21932), (27, 3040), (27, 17991), (27, 1378), (26, 12402), (22, 17243), (26, 3602), (27, 3261), (23, 5873), (20, 7046), (27, 14978), (27, 16144), (27, 18536), (21, 17473), (27, 19681), (26, 13561), (21, 7036), (23, 2744), (25, 14897), (20, 21023), (26, 21691), (26, 3254), (27, 8701), (23, 7222), (27, 4963), (25, 13831), (27, 18908), (25, 11184), (26, 13483), (27, 11438), (26, 18757), (26, 15008), (27, 17575), (26, 19046), (27, 8710), (20, 623), (26, 14100), (26, 20003), (27, 12608), (27, 10725), (26, 20631), (25, 20700), (27, 1970), (23, 8227), (27, 5430), (26, 4195), (25, 1820), (27, 22306), (27, 13672), (27, 5729), (26, 12196), (27, 1674), (27, 17886), (26, 20039), (26, 872), (26, 1481), (27, 15288), (21, 16109), (20, 19796), (26, 14147), (27, 9785), (26, 6997), (26, 12583), (27, 853), (21, 14422), (21, 20617), (27, 8682), (25, 21000), (27, 2889), (26, 11424), (27, 8319), (26, 5376), (27, 6954), (26, 22355), (26, 18023), (27, 9780), (27, 7702), (27, 2714), (27, 11850), (27, 21438), (27, 21628), (27, 1760), (26, 15365), (27, 15807), (26, 21957), (26, 21192), (27, 19513), (27, 10292), (23, 17795), (27, 5629), (27, 4404), (25, 5412), (27, 14887), (26, 5819), (27, 9548), (26, 21953), (25, 3290), (26, 19105), (27, 21116), (27, 12644), (26, 6609), (25, 6882), (27, 11236), (26, 22125), (27, 18228), (27, 16761), (27, 6371), (27, 22879), (26, 13521), (24, 14524), (27, 16835), (23, 21740), (27, 20879), (27, 20671), (27, 7085), (27, 15184), (27, 21176), (26, 6180), (26, 20020), (26, 13246), (5, 547), (27, 2979), (26, 1209), (26, 8040), (22, 14720), (27, 13652), (27, 2980), (26, 8178), (21, 15206), (27, 17124), (25, 22442), (27, 15442), (27, 18823), (26, 21317), (27, 4944), (26, 7729), (26, 16848), (24, 22877), (26, 22942), (27, 15678), (27, 3432), (27, 18869), (26, 10704), (26, 9447), (25, 16619), (25, 5137), (27, 5151), (20, 14226), (24, 12936), (26, 1587), (27, 19546), (22, 8084), (20, 5336), (26, 19676), (27, 22862), (27, 11235), (20, 22034), (26, 11133), (22, 19851), (26, 6797), (27, 19689), (27, 9586), (24, 8083), (27, 3611), (21, 2846), (20, 10141), (27, 21011), (27, 3575), (27, 13280), (26, 22326), (26, 12375), (25, 6925), (27, 58), (27, 19215), (26, 3986), (26, 685), (25, 3579), (21, 15319), (27, 20132), (27, 11677), (27, 17645), (27, 23019), (21, 20714), (20, 1335), (27, 967), (27, 22588), (27, 4947), (27, 20021), (25, 8498), (27, 8164), (26, 8279), (21, 12566), (26, 10056), (27, 19090), (25, 15278), (20, 1282), (25, 8725), (26, 21200), (23, 8750), (26, 12784), (27, 336), (27, 1748), (26, 13379), (24, 16302), (26, 6774), (27, 13715), (27, 19847), (26, 1195), (25, 4022), (27, 18496), (26, 18759), (22, 20324), (27, 6928), (27, 4400), (22, 6098), (27, 3003), (26, 4826), (27, 6139), (26, 17432), (27, 17062), (25, 20585), (22, 21645), (10, 7072), (22, 4070), (26, 22322), (27, 2114), (27, 22205), (21, 3038), (26, 15098), (25, 17048), (27, 1592), (27, 12158), (26, 21541), (27, 12380), (25, 18364), (21, 16606), (22, 19246), (27, 9414), (27, 5654), (21, 8080), (25, 1642), (27, 22220), (25, 7000), (27, 6187), (27, 2071), (27, 21653), (26, 20674), (27, 15951), (27, 11078), (24, 17687), (27, 10511), (21, 2924), (26, 14366), (26, 22856), (26, 9115), (27, 15831), (26, 18980), (27, 10232), (27, 7234), (27, 6871), (24, 15076), (26, 13279), (26, 17281), (26, 21468), (27, 1312), (25, 8181), (27, 10906), (27, 12031), (27, 3553), (26, 15768), (27, 11147), (27, 20490), (27, 12469), (27, 11006), (27, 7432), (27, 20417), (25, 8573), (26, 22248), (24, 1528), (27, 17771), (27, 12264), (27, 1987), (21, 9987), (27, 8237), (26, 4178), (23, 17103), (27, 18153), (20, 22748), (27, 10322), (26, 18504), (27, 22985), (25, 5463), (27, 19558), (27, 749), (27, 12344), (26, 939), (27, 1372), (26, 2631), (26, 19940), (23, 14892), (26, 4193), (26, 6463), (26, 17094), (23, 4591), (27, 20712), (27, 21914), (23, 476), (26, 20798), (27, 19555), (22, 19159), (27, 14042), (27, 18210), (23, 3547), (27, 22025), (26, 4034), (26, 3778), (27, 14837), (25, 4325), (22, 7104), (26, 17621), (26, 5348), (26, 7758), (27, 4829), (27, 5168), (26, 18740), (25, 4893), (27, 8752), (27, 13516), (27, 904), (27, 18187), (26, 10946), (25, 12153), (27, 4484), (27, 20950), (21, 3770), (27, 14607), (3, 15828), (26, 6492), (22, 22943), (22, 9195), (27, 16863), (27, 328), (26, 5955), (25, 17526), (27, 21325), (26, 9968), (24, 20282), (27, 22462), (27, 12577), (27, 9130), (27, 17057), (25, 19404), (26, 22756), (24, 21373), (26, 1668), (26, 13363), (20, 8361), (21, 8329), (23, 2410), (27, 18956), (26, 14016), (26, 2744), (27, 12990), (27, 6740), (27, 3337), (27, 4991), (27, 3893), (27, 16775), (26, 8004), (26, 3077), (25, 1550), (20, 4981), (27, 8298), (21, 13304), (26, 21698), (27, 872), (27, 16527), (22, 6977), (27, 13208), (27, 20196), (27, 20160), (22, 16892), (27, 1072), (27, 719), (25, 10059), (23, 17836), (26, 3378), (27, 389), (22, 22035), (23, 3131), (27, 10435), (20, 21124), (26, 1557), (27, 8321), (26, 13520), (26, 10917), (27, 22518), (20, 9314), (27, 8588), (26, 11347), (24, 7018), (27, 6980), (27, 20627), (25, 14133), (27, 11607), (27, 9668), (21, 3032), (26, 19522), (26, 5093), (27, 10022), (24, 19781), (26, 4833), (25, 9383), (26, 3943), (23, 775), (26, 15295), (27, 19432), (27, 2974), (4, 456), (26, 14238), (27, 5804), (27, 18231), (26, 9276), (24, 22960), (22, 21726), (25, 9049), (27, 14615), (20, 17097), (26, 15464), (27, 11053), (24, 7582), (24, 874), (24, 15766), (26, 1707), (24, 18230), (26, 22150), (26, 21687), (27, 3035), (26, 9168), (27, 18406), (26, 8766), (27, 19849), (27, 15613), (25, 7047), (1, 22305), (26, 6659), (26, 1965), (26, 12042), (26, 11455), (27, 20685), (25, 14708), (25, 22614), (26, 1060), (23, 21131), (26, 2598), (22, 8867), (23, 12500), (27, 17750), (26, 16934), (24, 8403), (19, 15701), (20, 4930), (27, 2630), (27, 15557), (26, 7481), (26, 20066), (27, 22529), (27, 7449), (27, 11004), (27, 1787), (20, 19520), (26, 280), (26, 890), (26, 5385), (21, 8614), (26, 2127), (26, 755), (25, 6360), (27, 489), (26, 2332), (23, 8519), (27, 3663), (26, 5483), (27, 17326), (26, 14178), (22, 7380), (21, 4349), (20, 2987), (25, 11552), (23, 8295), (27, 6911), (26, 20079), (19, 11899), (26, 4556), (27, 11221), (27, 3624), (27, 13437), (22, 8830), (27, 10676), (27, 21490), (22, 8283), (22, 392), (27, 4034), (26, 15968), (21, 16047), (20, 23014), (26, 16744), (24, 11916), (27, 19003), (26, 1934), (27, 1489), (26, 6525), (20, 10704), (27, 11299), (26, 7927), (26, 5173), (25, 10043), (24, 862), (27, 8348), (22, 16394), (26, 12108), (22, 15653), (26, 17654), (22, 21137), (5, 19637), (26, 7638), (27, 5050), (26, 4442), (20, 4237), (26, 11509), (26, 15702), (22, 16117), (26, 7660), (21, 21208), (23, 3570), (26, 19927), (26, 13100), (27, 12233), (26, 19281), (21, 13852), (27, 19900), (22, 11081), (27, 7623), (27, 19026), (27, 17597), (22, 2421), (26, 4053), (27, 2412), (26, 3190), (25, 8893), (27, 16964), (27, 2909), (25, 22797), (27, 16360), (26, 16736), (27, 4987), (27, 20746), (27, 16297), (27, 21608), (27, 14206), (27, 4378), (22, 14831), (25, 8178), (26, 943), (24, 7131), (22, 19708), (26, 19387), (27, 13111), (25, 2027), (26, 1210), (26, 5860), (26, 8250), (26, 14047), (27, 9510), (21, 3290), (23, 7266), (21, 6753), (26, 18721), (27, 11112), (26, 10497), (3, 6016), (22, 21120), (26, 10767), (26, 20174), (27, 17048), (27, 5224), (26, 17764), (23, 17528), (27, 3906), (26, 9999), (21, 8815), (24, 5245), (20, 18976), (27, 4783), (26, 11103), (27, 4153), (27, 1982), (20, 7723), (27, 342), (27, 7832), (27, 6798), (27, 8228), (22, 4099), (25, 6176), (26, 6315), (24, 15671), (21, 22629), (27, 7003), (25, 10126), (27, 768), (27, 608), (24, 5251), (26, 13709), (27, 2613), (25, 19674), (21, 2662), (26, 4908), (27, 5564), (27, 12017), (27, 271), (26, 1106), (27, 22297), (20, 6959), (22, 15673), (27, 2849), (27, 13019), (27, 18179), (26, 15582), (27, 17319), (22, 5039), (27, 11015), (22, 7774), (25, 12149), (26, 2407), (27, 3691), (27, 2807), (26, 20440), (24, 12400), (27, 7347), (27, 5192), (26, 10954), (27, 843), (27, 816), (25, 4215), (27, 6675), (27, 21540), (25, 12348), (27, 11479), (27, 20092), (21, 9794), (24, 22052), (26, 20918), (23, 13187), (26, 14599), (24, 3558), (26, 4600), (22, 21389), (22, 6605), (27, 5519), (27, 5281), (27, 5411), (26, 7736), (26, 16752), (21, 10847), (26, 9054), (22, 10406), (26, 11719), (21, 20551), (21, 10746), (27, 16040), (23, 360), (22, 14439), (26, 3038), (27, 9201), (27, 2958), (27, 12884), (26, 6961), (16, 4649), (26, 8534), (24, 16792), (27, 2058), (26, 22804), (27, 18471), (27, 15410), (26, 15681), (27, 3654), (27, 14592), (25, 313), (27, 2778), (26, 2810), (26, 9540), (26, 3615), (27, 22485), (27, 19985), (27, 12771), (26, 2225), (21, 1933), (26, 16368), (22, 887), (27, 8686), (22, 10872), (26, 16906), (25, 11985), (26, 6323), (27, 2600), (26, 12880), (22, 5388), (27, 21890), (27, 4315), (23, 15455), (26, 18537), (26, 13139), (26, 1886), (21, 18046), (26, 9294), (21, 800), (27, 15866), (25, 14521), (26, 13851), (23, 657), (27, 11612), (27, 3982), (26, 15568), (27, 16707), (27, 8562), (26, 3631), (22, 19256), (25, 11298), (25, 10112), (26, 19019), (23, 3703), (6, 12151), (27, 367), (22, 3211), (22, 8027), (27, 4160), (27, 19002), (26, 706), (26, 16718), (27, 12245), (22, 8173), (21, 15105), (17, 5219), (26, 11362), (19, 9719), (21, 759), (27, 12521), (21, 21240), (27, 12956), (22, 12638), (26, 3674), (26, 22673), (19, 889), (27, 13330), (22, 2147), (27, 3330), (22, 15703), (26, 20407), (27, 11034), (20, 14113), (24, 19218), (27, 11741), (25, 3129), (26, 3139), (27, 15021), (26, 17509), (26, 18077), (24, 10834), (26, 10433), (27, 10305), (26, 10434), (26, 22983), (27, 10739), (21, 22315), (27, 19993), (27, 11582), (26, 2296), (27, 23018), (27, 11793), (22, 13014), (23, 948), (17, 4345), (23, 22944), (27, 14789), (22, 5144), (26, 6434), (27, 15620), (27, 13944), (22, 12234), (27, 16675), (27, 11485), (26, 891), (26, 11221), (25, 9412), (22, 7559), (27, 723), (19, 13179), (26, 15045), (22, 8872), (24, 9607), (21, 9831), (25, 15656), (21, 9501), (24, 19133), (26, 4188), (21, 6374), (26, 12878), (3, 3095), (27, 2997), (26, 8401), (21, 12869), (26, 2538), (27, 420), (27, 3559), (26, 8339), (25, 19863), (26, 12882), (26, 9045), (26, 4393), (26, 21552), (23, 1387), (27, 2733), (27, 11588), (27, 19476), (27, 15814), (26, 13615), (21, 17926), (25, 14098), (25, 5094), (26, 15951), (25, 10569), (27, 994), (18, 1013), (20, 4094), (22, 22725), (21, 12904), (22, 2930), (22, 15488), (25, 11944), (26, 19868), (27, 22509), (26, 21732), (27, 15904), (22, 21182), (22, 22398), (25, 20601), (27, 3510), (27, 5922), (27, 8887), (22, 11079), (20, 6572), (27, 16922), (26, 18318), (26, 2115), (27, 4283), (26, 19109), (27, 4699), (26, 4949), (27, 22178), (27, 9954), (27, 4111), (26, 12890), (27, 419), (26, 14114), (27, 12306), (27, 15748), (26, 868), (24, 944), (27, 5762), (25, 20268), (27, 22554), (27, 4561), (21, 18657), (27, 21297), (21, 3542), (27, 3827), (23, 5516), (27, 3965), (27, 7233), (24, 11380), (25, 2734), (27, 13077), (25, 18282), (26, 13270), (26, 21243), (21, 5935), (26, 11967), (22, 12257), (26, 9889), (26, 14656), (20, 3471), (27, 18009), (27, 16201), (27, 11745), (26, 14682), (4, 22073), (21, 2844), (26, 7771), (22, 8794), (27, 1654), (26, 18497), (16, 19459), (25, 8141), (21, 5619), (26, 21584), (25, 9468), (27, 11969), (27, 21359), (21, 16609), (21, 11707), (27, 4979), (23, 17243), (21, 13546), (26, 8071), (25, 5869), (24, 13363), (26, 22951), (26, 20952), (21, 9835), (26, 18351), (27, 429), (27, 12948), (26, 3232), (26, 18120), (24, 13705), (27, 6308), (26, 15663), (27, 2989), (21, 4735), (27, 5392), (22, 7808), (27, 16954), (25, 22524), (22, 9206), (27, 9978), (22, 6083), (26, 4043), (27, 382), (20, 1610), (27, 6723), (27, 2183), (25, 16803), (22, 18385), (27, 4802), (27, 9494), (26, 2428), (26, 16852), (26, 4134), (25, 16606), (25, 15940), (27, 17127), (22, 2148), (24, 1875), (26, 8963), (27, 21736), (24, 13995), (20, 13368), (23, 15204), (27, 20377), (22, 20870), (26, 155), (27, 9925), (27, 12111), (26, 9557), (26, 12241), (24, 2666), (26, 10712), (26, 11612), (26, 9792), (24, 3448), (26, 1288), (26, 13770), (27, 3528), (26, 16241), (27, 10407), (27, 17715), (21, 22316), (26, 4114), (25, 13112), (25, 19321), (26, 21686), (27, 12530), (27, 10580), (26, 18460), (25, 16966), (22, 1441), (24, 17033), (27, 7818), (27, 71), (22, 15386), (26, 22729), (26, 18045), (20, 19885), (26, 20964), (27, 2715), (23, 8136), (26, 11912), (22, 8508), (26, 3465), (26, 18406), (26, 17693), (26, 7180), (27, 12160), (27, 7223), (27, 13776), (26, 20541), (24, 8338), (18, 4847), (27, 5385), (22, 11812), (17, 19078), (26, 22103), (27, 19488), (25, 2590), (26, 17335), (26, 14292), (26, 21847), (27, 19877), (27, 6089), (27, 12370), (20, 20180), (26, 15382), (27, 8781), (27, 291), (26, 16210), (22, 20490), (27, 20506), (27, 13706), (26, 13719), (25, 7975), (26, 11620), (26, 16680), (23, 14122), (27, 20648), (22, 14480), (22, 7863), (27, 13184), (3, 659), (26, 16612), (20, 973), (27, 475), (25, 5621), (25, 16981), (22, 5003), (27, 9633), (27, 338), (26, 2015), (27, 4693), (26, 11174), (20, 9270), (21, 20315), (27, 6710), (22, 22389), (26, 18021), (27, 13273), (25, 13301), (26, 22903), (27, 4185), (27, 2942), (27, 7423), (26, 1769), (26, 6197), (26, 17068), (21, 5026), (27, 4532), (27, 17136), (21, 14148), (25, 20006), (26, 1697), (27, 18614), (27, 17916), (27, 13041), (22, 14820), (25, 8170), (27, 612), (20, 16448), (25, 8999), (24, 4692), (26, 20554), (22, 21573), (27, 22772), (26, 8734), (20, 9592), (25, 2762), (25, 535), (25, 21281), (27, 9083), (27, 12320), (27, 12018), (27, 5771), (27, 11360), (26, 13259), (25, 4523), (24, 6143), (27, 10430), (26, 16974), (26, 17795), (27, 11609), (26, 6538), (27, 8294), (26, 1589), (27, 14025), (20, 13529), (27, 20907), (25, 17144), (22, 10161), (27, 3470), (22, 8683), (25, 2972), (26, 4610), (25, 19292), (24, 13380), (20, 8869), (27, 19017), (27, 14827), (27, 14866), (24, 15854), (27, 1301), (23, 22538), (25, 2630), (27, 13999), (27, 6831), (26, 17677), (4, 15255), (21, 18619), (27, 2618), (21, 10940), (26, 10731), (25, 17518), (20, 10660), (27, 2176), (27, 14821), (26, 8692), (22, 10853), (26, 455), (27, 14796), (21, 10970), (20, 14030), (25, 13892), (18, 7825), (27, 3008), (26, 18220), (26, 115), (26, 833), (22, 22466), (27, 16603), (27, 3135), (27, 197), (23, 124), (27, 3763), (27, 20345), (21, 17601), (27, 5810), (26, 9459), (27, 2820), (26, 4211), (21, 5036), (27, 4348), (26, 14421), (26, 1297), (26, 368), (21, 21716), (21, 22476), (27, 3922), (27, 16640), (26, 19687), (26, 22831), (25, 10040), (27, 597), (24, 10246), (26, 15214), (27, 2101), (27, 6783), (27, 21978), (25, 17241), (26, 16176), (27, 11973), (26, 4736), (25, 17835), (21, 14276), (23, 3433), (21, 2617), (27, 2702), (26, 13184), (26, 9214), (25, 3328), (21, 6557), (26, 22425), (22, 17895), (23, 19118), (23, 13556), (26, 3979), (26, 16268), (27, 2992), (22, 6300), (26, 17056), (27, 16630), (26, 16334), (24, 1916), (26, 13112), (24, 12708), (23, 17048), (26, 13508), (26, 1957), (27, 19542), (25, 12524), (20, 13966), (21, 10740), (27, 2017), (27, 22398), (27, 13832), (27, 4966), (27, 22979), (27, 21761), (27, 22154), (26, 10648), (26, 10460), (27, 8397), (27, 8922), (21, 13428), (25, 2370), (24, 16625), (25, 17153), (24, 1903), (24, 18939), (21, 18762), (26, 5171), (26, 22348), (25, 8108), (22, 20834), (22, 2315), (26, 9407), (27, 6619), (22, 942), (23, 13776), (27, 5106), (26, 11293), (25, 1052), (26, 18648), (7, 19920), (21, 19573), (26, 15069), (25, 1701), (16, 3969), (26, 929), (22, 4142), (23, 18634), (27, 15573), (26, 18037), (22, 2077), (27, 4633), (27, 12856), (27, 1414), (19, 10084), (27, 16431), (26, 12809), (27, 21130), (26, 2789), (24, 19984), (27, 10203), (27, 15510), (25, 18919), (21, 20500), (19, 9584), (26, 12152), (23, 6837), (27, 4144), (20, 5440), (27, 14195), (6, 3413), (26, 4451), (27, 13843), (20, 682), (27, 6285), (27, 1624), (27, 6834), (23, 17350), (27, 4564), (27, 7057), (26, 22910), (22, 15758), (20, 517), (22, 15672), (27, 5272), (27, 15349), (25, 17482), (27, 3580), (22, 7814), (27, 14712), (27, 22404), (26, 2596), (26, 6261), (27, 11492), (26, 9420), (27, 7779), (25, 16755), (26, 13789), (27, 20631), (26, 21553), (26, 6369), (24, 12502), (27, 21504), (25, 5663), (20, 5853), (27, 8492), (27, 12943), (25, 848), (27, 19042), (20, 17776), (26, 19094), (27, 7312), (21, 12383), (27, 22407), (26, 1488), (21, 10927), (23, 17672), (27, 15461), (25, 2766), (26, 18500), (24, 15959), (27, 9380), (27, 10530), (27, 9649), (24, 20814), (4, 1173), (21, 13178), (27, 21836), (27, 18979), (27, 15117), (26, 13834), (7, 6455), (26, 8030), (23, 12586), (27, 22016), (22, 19203), (25, 22436), (18, 9549), (27, 19161), (20, 2745), (27, 15509), (20, 17791), (18, 14745), (26, 14427), (24, 16148), (21, 6479), (26, 19029), (27, 21219), (25, 14408), (26, 7489), (25, 424), (26, 4005), (26, 14022), (22, 15909), (22, 1741), (22, 409), (14, 1541), (26, 14008), (23, 419), (23, 2844), (24, 14755), (27, 7127), (27, 10612), (20, 20267), (24, 11310), (27, 14104), (26, 17201), (20, 14489), (22, 17135), (26, 9619), (27, 3315), (22, 3915), (25, 17327), (26, 9641), (24, 4769), (27, 12487), (26, 2957), (27, 5588), (26, 10284), (23, 4241), (19, 16134), (27, 15515), (24, 5967), (22, 19467), (23, 18871), (26, 18343), (20, 21731), (27, 15315), (27, 6035), (26, 5600), (21, 14250), (22, 18590), (26, 22218), (26, 309), (14, 1678), (21, 21635), (22, 6315), (27, 20726), (24, 10866), (27, 14057), (27, 19838), (27, 17247), (27, 2575), (24, 11116), (24, 5867), (27, 21361), (26, 6207), (20, 12623), (27, 10226), (26, 10390), (27, 7688), (26, 19549), (26, 16966), (21, 2761), (6, 4718), (27, 15377), (27, 19087), (20, 4611), (25, 16936), (23, 2489), (26, 271), (26, 20290), (26, 5210), (26, 17633), (21, 4128), (26, 20599), (27, 11883), (20, 9109), (26, 22579), (19, 20682), (21, 17912), (24, 16527), (26, 6438), (27, 8859), (27, 7276), (24, 8479), (26, 22199), (27, 20290), (26, 12252), (20, 17235), (26, 13485), (27, 2529), (26, 12484), (20, 19264), (26, 19189), (21, 19144), (27, 3119), (27, 13521), (21, 11709), (27, 3186), (27, 12523), (26, 3074), (26, 3816), (26, 17857), (26, 9254), (25, 1998), (27, 4506), (27, 4611), (26, 15730), (25, 9602), (27, 18895), (26, 16443), (23, 896), (24, 22950), (25, 13371), (21, 4113), (24, 22620), (27, 22349), (19, 12184), (27, 13880), (21, 22980), (27, 8434), (27, 15112), (26, 248), (22, 1347), (27, 6807), (23, 4722), (27, 4528), (24, 22906), (27, 14225), (27, 4742), (27, 6695), (26, 4730), (25, 13497), (26, 17559), (27, 9157), (23, 4397), (24, 17278), (22, 17516), (26, 6582), (27, 3764), (26, 14098), (24, 3816), (23, 947), (26, 2970), (21, 7657), (22, 3492), (27, 5365), (22, 3393), (26, 16512), (27, 1590), (22, 7406), (26, 13334), (20, 16689), (27, 6251), (26, 16704), (20, 2618), (27, 8958), (26, 14274), (27, 2424), (26, 2760), (26, 17430), (26, 18376), (27, 20893), (21, 15374), (26, 19694), (27, 19773), (24, 20429), (8, 5605), (27, 15643), (26, 7978), (26, 8202), (27, 1934), (27, 16837), (18, 1761), (27, 3288), (27, 16426), (26, 20578), (26, 6989), (16, 11480), (27, 5562), (27, 4723), (26, 15404), (22, 2967), (27, 6656), (27, 14791), (26, 20840), (22, 4783), (27, 14772), (26, 21297), (22, 14863), (27, 7330), (25, 21864), (4, 21878), (22, 9478), (25, 19244), (26, 15209), (21, 4424), (27, 13922), (26, 16296), (21, 20684), (27, 20896), (23, 16252), (25, 20187), (27, 3983), (24, 5282), (26, 7823), (26, 2987), (26, 15166), (20, 5677), (25, 11146), (25, 4467), (3, 2819), (27, 5113), (25, 6872), (26, 8564), (26, 15265), (26, 6421), (27, 13491), (23, 13014), (22, 7133), (26, 19486), (27, 22674), (25, 20564), (27, 6944), (20, 10129), (27, 17146), (26, 14780), (27, 20569), (20, 22451), (20, 8102), (25, 18643), (25, 10577), (26, 7097), (26, 20157), (27, 5210), (27, 13438), (26, 20679), (27, 18018), (24, 16749), (26, 15343), (27, 4714), (27, 9033), (26, 19587), (26, 8964), (19, 10111), (26, 21520), (27, 6275), (26, 17988), (25, 1388), (26, 19640), (27, 4127), (21, 9236), (22, 23013), (20, 15799), (26, 7572), (26, 4055), (26, 22599), (26, 2452), (22, 6044), (22, 8068), (25, 4990), (26, 527), (21, 7064), (26, 8191), (23, 258), (27, 4727), (27, 3277), (27, 3027), (26, 2443), (23, 6632), (27, 1961), (25, 8796), (27, 4549), (6, 10981), (21, 17087), (27, 9865), (27, 1859), (27, 10651), (18, 19700), (27, 17054), (26, 8926), (26, 18598), (26, 5910), (26, 15017), (26, 15949), (26, 4299), (22, 4003), (26, 17769), (18, 14867), (27, 13845), (26, 20291), (27, 15087), (27, 22305), (24, 20524), (19, 12047), (27, 5822), (21, 14887), (27, 12249), (18, 6152), (27, 15326), (21, 21286), (22, 6825), (21, 19840), (5, 20392), (22, 21121), (24, 6416), (25, 19579), (26, 17245), (21, 422), (27, 2411), (26, 15855), (27, 7801), (27, 13142), (26, 4383), (24, 2029), (18, 10189), (25, 19312), (22, 11202), (27, 13244), (25, 21190), (27, 6625), (27, 17259), (27, 16248), (26, 7552), (27, 13865), (26, 12192), (25, 6205), (26, 7139), (27, 11454), (22, 13555), (21, 7903), (19, 17605), (27, 17980), (26, 15377), (27, 21427), (27, 14021), (26, 20406), (26, 21493), (23, 21646), (23, 15026), (21, 21644), (26, 2449), (23, 17404), (27, 11790), (26, 17053), (20, 9667), (27, 18833), (26, 18644), (25, 17880), (27, 7286), (27, 22751), (27, 14538), (26, 5820), (22, 7124), (23, 12797), (18, 14925), (27, 19371), (27, 3940), (27, 12699), (21, 8571), (3, 3949), (24, 16170), (27, 2409), (21, 1075), (27, 15564), (27, 1340), (26, 11012), (26, 19722), (23, 16815), (27, 7261), (25, 166), (26, 13221), (25, 10600), (24, 15183), (20, 943), (27, 18189), (20, 21990), (27, 9068), (23, 19870), (27, 2290), (27, 5374), (27, 6462), (27, 19380), (26, 16918), (27, 4831), (23, 17136), (21, 12454), (27, 2486), (26, 20710), (27, 10351), (23, 21769), (27, 15644), (7, 4027), (24, 2149), (24, 3966), (22, 22687), (24, 11078), (24, 1998), (26, 9806), (22, 4991), (21, 18107), (27, 6866), (27, 5671), (27, 13900), (26, 7491), (26, 21384), (27, 12522), (27, 10186), (23, 10093), (20, 15559), (22, 17670), (26, 19327), (26, 3747), (27, 10041), (27, 7210), (27, 6523), (26, 1684), (21, 17205), (27, 13921), (21, 9320), (26, 17894), (27, 13599), (23, 1454), (26, 10107), (20, 14644), (20, 16384), (27, 8171), (5, 5952), (27, 13395), (27, 5789), (25, 15980), (27, 9094), (27, 11214), (23, 690), (21, 11429), (26, 21622), (22, 6065), (21, 17979), (27, 18225), (4, 9630), (20, 21506), (23, 191), (27, 841), (27, 19172), (26, 1012), (22, 4785), (26, 8002), (23, 7451), (24, 16179), (26, 20701), (26, 6170), (26, 13059), (26, 11470), (21, 16303), (27, 8116), (26, 15948), (24, 11017), (27, 16029), (24, 21923), (26, 2468), (25, 18906), (26, 2004), (26, 14442), (5, 8341), (13, 4050), (21, 8103), (21, 4042), (27, 9047), (24, 6467), (22, 7976), (21, 9555), (27, 10154), (22, 10923), (20, 19830), (26, 17023), (27, 3207), (23, 11483), (26, 21748), (27, 7789), (27, 20041), (27, 22386), (26, 5630), (25, 9491), (25, 16877), (23, 20538), (20, 18399), (26, 13595), (23, 9258), (24, 7622), (25, 15655), (18, 5219), (20, 3861), (26, 5158), (25, 12511), (27, 17723), (26, 17485), (9, 9415), (21, 10072), (27, 18229), (22, 1356), (27, 22045), (22, 828), (24, 16938), (27, 14653), (21, 2549), (8, 21195), (26, 1119), (25, 7693), (27, 16627), (27, 1315), (26, 18604), (27, 21392), (27, 10573), (26, 17743), (26, 12827), (27, 21522), (22, 8718), (24, 5373), (22, 19740), (26, 13057), (27, 2685), (24, 22003), (24, 3406), (22, 20214), (21, 22622), (22, 10789), (27, 6122), (27, 3242), (26, 505), (26, 22313), (26, 14630), (22, 5531), (26, 19946), (25, 10298), (26, 864), (27, 17892), (24, 12885), (23, 9492), (19, 13812), (20, 21728), (27, 22027), (24, 570), (21, 8416), (27, 13729), (10, 5041), (26, 12050), (27, 19762), (26, 22995), (25, 14607), (27, 9516), (26, 8238), (27, 7638), (26, 21021), (26, 6564), (26, 6231), (27, 21267), (26, 13625), (26, 16997), (21, 13556), (27, 12323), (27, 3380), (21, 18885), (23, 22651), (27, 17449), (26, 14362), (26, 3900), (22, 22139), (27, 22992), (6, 17523), (27, 18499), (26, 424), (26, 6615), (27, 3961), (26, 12287), (24, 1634), (26, 19937), (27, 2318), (26, 4520), (27, 16014), (27, 13846), (25, 17340), (24, 1690), (27, 1568), (27, 17719), (23, 20967), (27, 11396), (27, 1519), (26, 8241), (25, 8896), (20, 869), (26, 13178), (26, 14715), (27, 3141), (26, 11338), (27, 7402), (27, 12314), (27, 15195), (27, 9444), (27, 3114), (25, 8892), (27, 6271), (27, 2074), (24, 7244), (20, 15946), (27, 22079), (27, 11041), (27, 19436), (26, 12558), (27, 8829), (20, 7833), (25, 14631), (20, 13407), (27, 15611), (26, 6403), (27, 16397), (26, 19087), (23, 17887), (23, 20548), (25, 1891), (27, 3700), (22, 6372), (27, 13668), (26, 16298), (6, 19134), (23, 4225), (6, 10819), (27, 3781), (22, 1580), (26, 7088), (27, 15709), (27, 4500), (22, 7740), (27, 15565), (24, 6253), (25, 15967), (27, 5463), (13, 10871), (27, 3091), (21, 20524), (23, 820), (22, 625), (22, 2269), (26, 21851), (20, 121), (26, 10147), (27, 19857), (26, 15889), (20, 6478), (26, 10469), (26, 19962), (20, 8948), (24, 19312), (19, 457), (22, 14457), (27, 20748), (27, 8657), (25, 14337), (26, 16206), (27, 22766), (20, 20476), (27, 3789), (24, 10185), (27, 4577), (11, 12838), (22, 10920), (26, 21129), (20, 6839), (21, 3263), (23, 20528), (27, 8737), (26, 18800), (27, 9018), (27, 17888), (20, 1452), (26, 19658), (26, 18215), (20, 5560), (27, 22093), (6, 5880), (21, 14378), (21, 5058), (26, 18839), (27, 6538), (20, 458), (27, 15242), (22, 9394), (27, 19253), (5, 13444), (24, 1751), (27, 21329), (27, 11658), (23, 5577), (21, 20199), (25, 2652), (26, 18608), (24, 19878), (27, 18), (27, 12129), (27, 8406), (26, 17750), (27, 5315), (23, 6069), (27, 3857), (25, 18841), (24, 18362), (27, 12431), (26, 12657), (26, 4049), (23, 19576), (26, 20050), (23, 19109), (27, 9408), (27, 2627), (20, 16093), (27, 3073), (27, 4931), (25, 39), (25, 22658), (26, 21844), (27, 16241), (27, 19006), (26, 17371), (27, 14691), (25, 1131), (27, 16043), (21, 6902), (26, 8601), (20, 2462), (27, 20170), (27, 9761), (22, 17470), (26, 4763), (27, 1247), (27, 6475), (25, 9140), (26, 3513), (27, 14256), (27, 5035), (25, 21897), (26, 17718), (26, 2075), (27, 95), (26, 9284), (27, 14397), (10, 15640), (24, 22581), (22, 10555), (20, 5912), (25, 6722), (21, 20676), (24, 13262), (27, 3621), (22, 17644), (26, 12565), (26, 18989), (20, 7995), (23, 20876), (26, 18402), (26, 21768), (27, 15169), (26, 9297), (5, 7259), (24, 3819), (20, 15408), (27, 10919), (27, 6912), (27, 22012), (21, 1171), (23, 18539), (24, 2627), (26, 6405), (21, 6789), (21, 22323), (5, 21891), (21, 20809), (21, 13327), (27, 7409), (23, 8387), (26, 7734), (27, 14801), (21, 11468), (26, 2477), (25, 7303), (20, 3477), (26, 17627), (4, 1110), (23, 2728), (23, 6665), (27, 21285), (26, 11957), (16, 17922), (20, 9355), (24, 13999), (27, 3450), (26, 8642), (27, 11823), (22, 6171), (27, 4001), (4, 2317), (27, 5581), (26, 21494), (20, 16940), (20, 5948), (26, 19425), (26, 4590), (20, 22777), (26, 278), (27, 615), (27, 11523), (21, 20916), (21, 14538), (20, 18080), (27, 1229), (26, 5357), (23, 6014), (25, 21361), (20, 5118), (25, 8047), (17, 1013), (27, 18481), (26, 12816), (26, 20032), (21, 11374), (25, 11971), (19, 7618), (26, 10204), (27, 19921), (27, 18983), (20, 5215), (23, 1827), (27, 17332), (26, 10862), (20, 2163), (26, 3102), (3, 1113), (26, 8858), (26, 21125), (20, 5506), (26, 15313), (26, 3558), (27, 17827), (20, 15793), (22, 20921), (27, 16447), (25, 6933), (27, 12791), (27, 21801), (25, 5819), (26, 13775), (26, 8350), (23, 5050), (24, 17798), (24, 18019), (27, 5032), (24, 18580), (26, 18042), (26, 8085), (27, 19813), (22, 10810), (27, 1896), (26, 9657), (26, 9740), (27, 14840), (21, 3828), (24, 3369), (27, 16002), (27, 18368), (26, 1862), (21, 14752), (27, 12604), (27, 5400), (27, 21424), (26, 13421), (27, 12403), (23, 12615), (26, 627), (26, 17963), (27, 11179), (6, 13404), (21, 18652), (27, 20620), (27, 12755), (27, 1481), (27, 12345), (26, 16882), (27, 22636), (27, 1964), (27, 9217), (21, 11462), (20, 3777), (27, 5350), (27, 3302), (21, 1014), (24, 2898), (21, 7155), (6, 4069), (3, 22848), (26, 3229), (21, 16415), (27, 19669), (27, 22082), (23, 17575), (23, 15365), (27, 8987), (26, 3701), (26, 2732), (27, 9378), (24, 5499), (3, 9891), (27, 5541), (27, 432), (27, 10848), (24, 3598), (27, 3824), (19, 22856), (26, 8943), (25, 10654), (23, 5903), (25, 22090), (27, 2211), (27, 5934), (27, 3774), (26, 10785), (21, 11447), (27, 15779), (27, 11591), (27, 19360), (26, 20374), (23, 19980), (26, 20461), (27, 16385), (27, 8683), (26, 22), (4, 16085), (24, 3032), (22, 19923), (27, 16072), (24, 22019), (27, 9107), (26, 12981), (22, 6066), (23, 2302), (25, 17344), (24, 15668), (27, 2786), (24, 5696), (26, 4229), (27, 6951), (27, 21323), (26, 4911), (26, 11046), (22, 8473), (26, 143), (27, 9705), (26, 5902), (26, 6414), (27, 14860), (27, 14746), (26, 21208), (23, 3007), (27, 17795), (27, 8117), (20, 21981), (27, 21641), (26, 22994), (25, 10526), (22, 10469), (25, 22467), (26, 15986), (25, 14535), (20, 10296), (26, 11860), (24, 5818), (25, 22698), (4, 8788), (27, 1705), (27, 6495), (25, 10100), (24, 19252), (27, 20718), (25, 12607), (27, 9952), (25, 720), (27, 17307), (27, 18606), (27, 20774), (26, 5244), (26, 1831), (27, 4171), (27, 5752), (25, 17056), (26, 6568), (25, 22447), (27, 5901), (26, 18240), (27, 18926), (27, 3350), (27, 709), (22, 21176), (20, 6973), (24, 14680), (24, 18328), (27, 11302), (21, 17835), (9, 19028), (20, 8393), (20, 3984), (27, 14624), (27, 10817), (26, 18242), (27, 10324), (21, 19316), (25, 11555), (24, 17552), (26, 13034), (26, 8667), (23, 12446), (27, 20263), (27, 13107), (24, 15055), (27, 4928), (26, 17497), (25, 6408), (26, 11523), (24, 20976), (26, 4975), (26, 15212), (24, 21825), (25, 16062), (27, 15132), (26, 18278), (27, 9439), (27, 8269), (26, 13108), (23, 17254), (12, 4942), (22, 19777), (26, 19525), (27, 19085), (26, 18700), (23, 13825), (25, 9634), (27, 21342), (27, 9139), (25, 13457), (21, 19159), (27, 3024), (24, 1776), (27, 22217), (26, 12036), (21, 14698), (27, 15471), (26, 22308), (23, 1783), (27, 18862), (26, 16041), (27, 15219), (27, 103), (27, 17046), (27, 18765), (26, 6313), (26, 11709), (22, 23024), (27, 10894), (23, 5835), (26, 18306), (22, 3091), (26, 17691), (21, 11860), (24, 18928), (21, 20737), (22, 14541), (21, 15534), (24, 11219), (19, 21548), (27, 20954), (27, 17688), (27, 19348), (22, 21459), (17, 12311), (26, 8285), (23, 1053), (25, 16902), (25, 19073), (25, 19116), (27, 647), (27, 17391), (27, 12709), (22, 21322), (25, 6219), (27, 18044), (22, 6643), (27, 7458), (27, 3716), (27, 7617), (20, 21346), (26, 550), (27, 6864), (26, 16845), (26, 700), (27, 20097), (26, 2671), (27, 10489), (27, 510), (26, 19601), (20, 2610), (26, 8524), (25, 6541), (22, 7398), (26, 8585), (25, 11947), (21, 18658), (22, 7033), (22, 15550), (26, 19837), (27, 14244), (21, 3564), (24, 8657), (22, 16296), (22, 19645), (26, 7597), (23, 6109), (27, 14732), (27, 16968), (26, 16675), (27, 2212), (22, 17194), (26, 5215), (25, 10872), (27, 1398), (26, 13344), (20, 22543), (25, 18049), (24, 6326), (27, 910), (26, 8134), (23, 7511), (25, 19859), (22, 1359), (25, 10819), (27, 20402), (26, 13518), (27, 11905), (26, 12677), (22, 22787), (27, 7887), (27, 8333), (26, 10240), (23, 6075), (24, 7085), (24, 12682), (26, 2460), (20, 17367), (25, 7036), (21, 7305), (20, 7872), (27, 5227), (26, 12321), (26, 15229), (20, 15725), (20, 12621), (24, 19754), (22, 2775), (6, 4039), (21, 18044), (21, 12372), (26, 22933), (24, 16479), (21, 573), (26, 3898), (26, 14707), (22, 1230), (22, 18913), (26, 10529), (26, 9224), (26, 482), (27, 14690), (22, 13081), (26, 1090), (27, 19796), (10, 19028), (20, 13520), (24, 7429), (26, 13095), (26, 232), (26, 15046), (24, 21169), (27, 7343), (25, 18666), (26, 16693), (27, 22763), (24, 14883), (26, 15368), (22, 8313), (27, 20686), (23, 13670), (20, 19418), (27, 1750), (25, 16653), (27, 6820), (26, 21799), (27, 2831), (27, 15887), (23, 1405), (27, 22165), (14, 6417), (8, 18697), (25, 18631), (26, 20458), (27, 22365), (24, 4243), (22, 19236), (23, 17142), (23, 9126), (20, 21726), (26, 18036), (26, 14347), (27, 5835), (23, 17437), (21, 21574), (26, 20805), (23, 10460), (27, 1249), (26, 8674), (20, 22483), (22, 22800), (25, 7570), (27, 4207), (26, 1582), (26, 8399), (22, 9493), (21, 4502), (22, 16865), (27, 12670), (26, 17065), (26, 13958), (26, 3930), (6, 12572), (27, 5555), (27, 1767), (25, 13906), (27, 20211), (21, 7247), (27, 3069), (21, 11742), (27, 13050), (22, 18412), (25, 12338), (22, 2736), (26, 1635), (27, 11153), (23, 16541), (24, 7318), (27, 5482), (26, 7557), (27, 12713), (24, 21437), (23, 22169), (26, 7062), (27, 3314), (25, 22835), (26, 19290), (18, 3258), (27, 19464), (22, 6995), (27, 21877), (26, 18646), (25, 6192), (27, 17081), (24, 19825), (25, 1627), (22, 2464), (21, 18963), (27, 22327), (27, 20461), (26, 3463), (14, 10871), (26, 3417), (27, 6435), (26, 15818), (22, 21991), (6, 13667), (26, 4312), (27, 4078), (26, 16672), (27, 14585), (25, 9674), (23, 18209), (25, 16227), (25, 17278), (27, 18816), (24, 6304), (23, 3511), (26, 11326), (22, 6102), (25, 15896), (27, 18088), (26, 16584), (25, 8045), (27, 13658), (27, 5471), (14, 6205), (4, 15723), (27, 8462), (27, 8506), (23, 7141), (27, 6609), (23, 3215), (22, 4908), (27, 3752), (27, 18598), (27, 11757), (27, 22680), (23, 20515), (24, 19537), (4, 1937), (26, 14377), (21, 6710), (26, 4446), (19, 17019), (26, 9757), (21, 17141), (21, 3866), (25, 16673), (25, 21205), (20, 9803), (21, 12015), (25, 13216), (27, 12333), (18, 15954), (21, 5435), (26, 16844), (22, 21643), (24, 1966), (21, 3473), (25, 4931), (21, 21415), (26, 22893), (27, 17529), (27, 4685), (27, 12874), (27, 5181), (21, 22589), (21, 15975), (26, 19143), (25, 590), (27, 15895), (27, 12352), (25, 20545), (24, 1173), (25, 22624), (25, 22722), (26, 21107), (25, 10887), (27, 13856), (27, 368), (27, 3463), (25, 22491), (25, 8169), (27, 13321), (23, 10758), (23, 7482), (21, 15283), (26, 12033), (21, 19986), (3, 8485), (23, 794), (23, 14722), (26, 3313), (20, 12246), (26, 9845), (26, 6745), (26, 8454), (26, 19978), (7, 16277), (26, 14298), (20, 19672), (22, 16250), (26, 17733), (26, 6830), (22, 13020), (22, 7132), (27, 16745), (27, 2040), (26, 3231), (27, 4868), (22, 19164), (26, 11837), (8, 22900), (25, 1819), (26, 1317), (26, 19386), (27, 15983), (27, 21868), (20, 7678), (20, 19184), (27, 13228), (3, 2201), (8, 22717), (27, 4115), (20, 8414), (27, 19196), (14, 16251), (26, 14792), (20, 13538), (27, 5664), (26, 13222), (27, 21087), (25, 12823), (26, 11364), (26, 21035), (23, 20803), (24, 12694), (23, 16184), (27, 5009), (27, 6054), (27, 22898), (16, 22818), (27, 3298), (22, 2920), (26, 21283), (27, 13371), (21, 13107), (26, 19098), (21, 16753), (21, 13243), (26, 2833), (26, 10572), (23, 20635), (27, 18094), (25, 464), (22, 6996), (26, 11009), (27, 17208), (7, 21331), (25, 21336), (27, 14997), (26, 13338), (27, 17873), (23, 15263), (25, 4864), (27, 20018), (27, 11499), (25, 15594), (23, 14343), (16, 10179), (22, 5642), (10, 13479), (24, 4185), (23, 14463), (23, 5347), (22, 123), (24, 5560), (23, 3534), (26, 3013), (25, 15901), (26, 6204), (22, 20690), (25, 8315), (26, 754), (27, 13344), (23, 19568), (21, 3944), (25, 2348), (26, 13081), (25, 13319), (19, 14280), (26, 19886), (27, 2172), (27, 20466), (27, 14453), (18, 518), (26, 22533), (24, 11106), (26, 5287), (27, 13646), (27, 8756), (26, 6336), (27, 4572), (27, 5556), (24, 2620), (22, 11490), (26, 13721), (25, 7866), (25, 3622), (27, 7743), (20, 5017), (21, 22820), (27, 19336), (26, 21081), (7, 8606), (27, 4575), (27, 18776), (27, 2309), (16, 21724), (26, 20404), (26, 8094), (23, 6947), (27, 8436), (27, 12430), (22, 13165), (25, 19914), (27, 21052), (21, 10543), (23, 21164), (26, 2416), (21, 6780), (22, 9058), (27, 22621), (27, 3375), (18, 16569), (27, 982), (27, 6832), (22, 16148), (27, 8559), (26, 14944), (21, 22726), (22, 19692), (25, 14457), (27, 19088), (25, 18486), (22, 6093), (26, 11043), (26, 18560), (27, 10139), (26, 15018), (20, 1595), (25, 1644), (20, 4877), (26, 11668), (27, 15403), (25, 15717), (26, 21043), (27, 15476), (27, 11965), (27, 20785), (22, 1568), (27, 1667), (25, 5070), (26, 10213), (26, 16674), (25, 13514), (26, 1676), (24, 5726), (26, 6514), (26, 11940), (26, 3000), (26, 17169), (27, 15898), (23, 12839), (24, 3473), (23, 9824), (22, 22768), (26, 19494), (22, 4069), (27, 19902), (24, 4224), (25, 19355), (22, 13149), (13, 16251), (26, 19850), (27, 1126), (26, 20124), (27, 1560), (26, 13597), (22, 2815), (26, 15981), (18, 3348), (27, 2013), (23, 2006), (21, 21196), (16, 15845), (20, 11685), (21, 2544), (22, 7277), (4, 13157), (24, 10168), (21, 17203), (6, 22873), (27, 22384), (21, 7671), (27, 21667), (25, 11444), (27, 8483), (26, 5818), (26, 6284), (25, 15583), (26, 13366), (26, 2533), (23, 20763), (22, 18863), (27, 2228), (26, 3298), (26, 14295), (21, 7432), (27, 22661), (24, 3280), (26, 5979), (22, 5636), (26, 150), (27, 7459), (23, 14131), (6, 15964), (27, 13591), (20, 17972), (26, 389), (24, 21095), (26, 10404), (26, 13326), (18, 4387), (25, 3577), (26, 22330), (27, 21963), (26, 12983), (27, 6711), (24, 560), (27, 8971), (22, 3081), (20, 15908), (19, 12710), (21, 6241), (16, 12225), (21, 16111), (26, 2166), (22, 1350), (26, 11807), (21, 13488), (26, 15225), (25, 11782), (22, 20789), (27, 17742), (26, 17330), (26, 5363), (22, 18543), (12, 8924), (27, 11329), (27, 19754), (27, 9519), (27, 9726), (27, 22753), (13, 1678), (25, 2574), (23, 15852), (26, 10024), (27, 18859), (20, 6212), (27, 2653), (23, 14290), (16, 8806), (24, 7684), (27, 8411), (27, 2967), (20, 3585), (20, 7472), (26, 640), (26, 3592), (23, 15880), (21, 1864), (27, 17603), (24, 13789), (26, 16027), (26, 1101), (25, 15562), (26, 17596), (23, 8094), (23, 22388), (20, 10026), (20, 22885), (27, 13878), (21, 3722), (25, 3653), (27, 14353), (23, 22008), (27, 17814), (23, 10735), (26, 4356), (27, 14882), (25, 2176), (26, 16408), (24, 17253), (26, 15870), (26, 8836), (25, 20477), (26, 17122), (27, 7046), (22, 17436), (27, 17905), (27, 4094), (20, 23031), (26, 4181), (27, 11355), (20, 18313), (26, 2359), (27, 7386), (24, 1737), (27, 16152), (24, 12591), (26, 8273), (12, 10718), (20, 22969), (21, 22061), (27, 17738), (24, 20921), (27, 7158), (16, 2338), (23, 20965), (26, 9067), (27, 10002), (27, 8429), (24, 21383), (27, 15539), (12, 19634), (26, 8861), (27, 11028), (27, 13948), (27, 8295), (24, 7171), (24, 10430), (26, 15065), (22, 17730), (27, 514), (27, 12527), (24, 11279), (24, 8800), (26, 239), (27, 14508), (5, 8914), (21, 14913), (26, 4313), (21, 19284), (20, 19338), (27, 3971), (27, 674), (27, 2253), (26, 22426), (24, 22648), (22, 14374), (26, 8026), (24, 17434), (16, 385), (21, 17623), (27, 7167), (27, 9650), (21, 17966), (20, 13033), (27, 19107), (27, 5030), (26, 19502), (27, 8454), (27, 19977), (27, 1118), (24, 3734), (26, 7030), (22, 20866), (26, 10180), (18, 4203), (26, 10710), (27, 4018), (21, 16202), (22, 14487), (20, 8562), (25, 12783), (26, 5455), (22, 15528), (22, 5700), (27, 18063), (27, 17525), (20, 3670), (27, 21760), (20, 19406), (20, 210), (27, 22451), (27, 858), (21, 15755), (25, 18143), (22, 10711), (27, 3517), (27, 15074), (23, 21209), (24, 14210), (25, 11710), (25, 7702), (27, 2287), (21, 9511), (25, 13103), (25, 12520), (22, 8531), (21, 16599), (22, 4570), (8, 19548), (22, 22658), (22, 19190), (20, 9021), (26, 3854), (23, 16188), (20, 7195), (23, 20654), (19, 12915), (22, 4437), (21, 11389), (21, 4904), (26, 22962), (21, 14937), (21, 20393), (24, 8273), (26, 20537), (26, 3301), (26, 12655), (23, 16357), (26, 20298), (27, 1103), (25, 10510), (21, 14668), (22, 1654), (22, 718), (26, 15151), (27, 20100), (21, 3240), (21, 15303), (23, 12137), (27, 12968), (20, 17425), (25, 11421), (27, 18799), (26, 22871), (21, 21655), (25, 3057), (25, 18808), (25, 19917), (20, 7510), (26, 15654), (26, 10683), (24, 2645), (24, 6334), (27, 7876), (26, 22357), (21, 11186), (27, 6900), (23, 19192), (23, 18588), (27, 836), (25, 1012), (21, 13679), (26, 21848), (21, 5951), (27, 3853), (25, 7183), (27, 2704), (27, 15402), (27, 7111), (27, 9659), (27, 10415), (26, 5115), (26, 20993), (27, 4342), (10, 897), (25, 21262), (27, 7592), (26, 11959), (26, 6571), (25, 6907), (21, 3780), (22, 21989), (22, 14379), (22, 20489), (26, 13355), (27, 9534), (23, 15846), (27, 2815), (26, 9210), (20, 21762), (26, 14206), (18, 12333), (27, 7664), (26, 4761), (26, 17108), (26, 19943), (27, 13213), (25, 11577), (22, 10639), (26, 15509), (26, 18338), (20, 18941), (26, 16888), (3, 9892), (24, 14406), (26, 13372), (27, 13139), (27, 8664), (21, 21232), (10, 19230), (22, 5533), (26, 3560), (26, 2739), (27, 18462), (27, 9056), (25, 20503), (27, 655), (26, 13866), (26, 5359), (23, 2181), (27, 8314), (27, 5167), (6, 15211), (27, 669), (22, 1119), (27, 438), (27, 111), (10, 21693), (21, 6130), (17, 20337), (26, 15175), (23, 9895), (27, 16877), (22, 19911), (26, 4913), (21, 1212), (26, 9816), (24, 16134), (22, 22722), (27, 12334), (26, 14409), (21, 5278), (26, 6363), (21, 13529), (23, 21935), (27, 8083), (23, 18794), (22, 14413), (27, 18391), (20, 10416), (27, 12048), (26, 2209), (27, 6583), (22, 17131), (27, 8252), (27, 14169), (21, 18718), (27, 877), (26, 13685), (22, 16167), (27, 922), (25, 17567), (24, 14847), (27, 4851), (27, 7246), (27, 4326), (27, 5186), (25, 7615), (26, 21102), (26, 10478), (27, 10318), (26, 820), (17, 20285), (22, 6465), (26, 20854), (25, 15677), (20, 13588), (26, 1083), (26, 21260), (26, 16771), (27, 20744), (24, 6663), (16, 21349), (24, 17956), (27, 21507), (20, 20705), (27, 16196), (7, 20632), (26, 16091), (27, 18827), (24, 19420), (27, 22270), (22, 17268), (26, 9888), (26, 19461), (27, 12125), (21, 3581), (26, 10880), (27, 5219), (25, 7656), (25, 1880), (20, 1692), (24, 21481), (23, 10404), (26, 15815), (27, 8415), (27, 1675), (27, 426), (3, 10378), (23, 6530), (23, 17196), (26, 853), (26, 17191), (26, 2826), (22, 3467), (20, 13805), (26, 13917), (23, 5509), (27, 19519), (24, 6533), (26, 9195), (27, 22882), (24, 16858), (0, 7503), (27, 18981), (22, 12973), (26, 10636), (27, 15884), (27, 11511), (22, 20665), (26, 8496), (27, 19370), (24, 7215), (27, 569), (27, 5465), (27, 13162), (9, 6384), (26, 1066), (25, 4365), (26, 10872), (23, 12154), (20, 1487), (22, 3163), (26, 3944), (25, 3102), (8, 5918), (23, 15268), (21, 9556), (27, 4615), (19, 21742), (27, 10481), (26, 3804), (24, 2597), (18, 20285), (25, 2524), (26, 5673), (27, 17313), (12, 12381), (23, 410), (27, 12719), (27, 6863), (26, 17444), (21, 4769), (26, 22035), (4, 2937), (27, 6919), (25, 18328), (24, 10149), (11, 19634), (27, 22330), (26, 5546), (24, 1706), (21, 8676), (27, 14060), (21, 21682), (25, 8409), (24, 19976), (26, 6688), (25, 9215), (27, 12349), (26, 5513), (26, 2527), (23, 17789), (23, 9015), (20, 19384), (27, 10465), (26, 3621), (27, 156), (25, 10874), (19, 6953), (24, 7180), (25, 13415), (24, 18957), (8, 7628), (26, 1129), (26, 6660), (25, 19455), (20, 1813), (21, 19610), (16, 6135), (26, 7087), (27, 21036), (25, 9696), (24, 177), (27, 8358), (27, 13520), (27, 8438), (27, 8679), (26, 5338), (26, 18640), (25, 6708), (27, 6317), (26, 5039), (27, 14956), (27, 18335), (26, 2080), (26, 15905), (21, 9427), (26, 11489), (22, 1792), (26, 37), (25, 9153), (27, 1016), (26, 2997), (8, 15840), (27, 17522), (27, 1853), (27, 2922), (23, 5850), (26, 9945), (27, 10871), (26, 21475), (26, 22184), (22, 7640), (23, 21637), (26, 13654), (21, 15433), (22, 13719), (20, 4533), (27, 6991), (26, 8873), (26, 12465), (23, 3830), (21, 10406), (23, 12775), (25, 15627), (14, 11243), (27, 15310), (24, 8860), (26, 8175), (27, 10973), (26, 15542), (21, 20307), (24, 5415), (21, 11054), (27, 13526), (21, 8048), (26, 21040), (23, 3980), (27, 4335), (26, 12199), (22, 8132), (26, 6819), (26, 22574), (27, 14991), (27, 14814), (24, 4916), (24, 16619), (22, 6109), (26, 1518), (26, 14025), (27, 12596), (27, 1033), (27, 15659), (27, 6755), (27, 18891), (26, 1110), (22, 17313), (10, 11390), (26, 11563), (26, 15075), (20, 14223), (24, 2845), (21, 1442), (27, 17040), (25, 22533), (26, 11754), (23, 6086), (27, 13264), (26, 5232), (23, 19575), (22, 15299), (23, 3038), (20, 13424), (27, 357), (26, 2405), (23, 10686), (24, 17702), (12, 4902), (27, 6516), (26, 2147), (27, 17363), (10, 20576), (22, 10136), (25, 8104), (26, 8742), (21, 16185), (24, 17566), (25, 1164), (26, 22902), (25, 15304), (26, 11047), (27, 97), (21, 6960), (26, 11119), (27, 11234), (26, 1569), (20, 5749), (24, 15262), (26, 17521), (25, 15618), (25, 13736), (27, 996), (26, 11185), (25, 13848), (23, 1211), (26, 18381), (27, 12605), (26, 363), (20, 14062), (23, 9980), (24, 759), (22, 976), (23, 11724), (8, 404), (21, 4725), (25, 3359), (27, 22047), (14, 7426), (27, 10298), (26, 5550), (27, 22867), (23, 5889), (22, 9619), (26, 13314), (27, 3726), (27, 20687), (21, 955), (22, 17972), (26, 21550), (26, 2712), (21, 10023), (26, 9126), (26, 11599), (27, 12389), (22, 3369), (21, 10433), (26, 13152), (26, 4119), (25, 9853), (25, 9047), (23, 15736), (27, 14084), (21, 11732), (26, 17), (27, 23037), (27, 13645), (27, 18671), (22, 22164), (27, 2836), (27, 8949), (18, 15342), (27, 19934), (26, 22625), (27, 9271), (22, 13889), (21, 10880), (27, 11914), (26, 1795), (22, 21110), (22, 4496), (18, 22648), (22, 12154), (27, 20460), (26, 10139), (4, 10062), (27, 4322), (26, 9028), (24, 13398), (4, 9988), (20, 8914), (26, 8459), (23, 19194), (27, 8334), (23, 9585), (27, 7525), (23, 2239), (4, 14421), (27, 22032), (27, 3941), (22, 13178), (27, 18907), (26, 5878), (23, 21828), (4, 16225), (21, 19483), (26, 11388), (10, 9415), (27, 9259), (11, 3827), (6, 9973), (20, 6116), (24, 2820), (9, 5966), (25, 1400), (26, 18333), (22, 15693), (26, 12251), (25, 895), (26, 16252), (27, 2671), (24, 18737), (22, 8639), (24, 9467), (20, 3564), (20, 11378), (27, 4902), (26, 20552), (25, 12318), (26, 10517), (22, 20265), (21, 11579), (23, 7306), (16, 9), (24, 3041), (27, 1511), (26, 22649), (25, 2805), (27, 11720), (25, 8389), (22, 11220), (26, 6759), (7, 16390), (23, 3327), (26, 16896), (23, 4237), (27, 16083), (26, 22283), (21, 14877), (22, 20844), (25, 9179), (27, 21080), (27, 16195), (22, 2792), (27, 20798), (19, 18998), (8, 22442), (27, 11800), (20, 9746), (26, 16634), (25, 10760), (27, 3588), (21, 21826), (26, 20769), (26, 6695), (20, 17733), (25, 7176), (26, 2726), (22, 20369), (20, 349), (26, 17737), (26, 12744), (27, 5989), (26, 2836), (27, 20941), (23, 9131), (26, 8537), (25, 11228), (16, 17773), (27, 11276), (20, 9028), (19, 12136), (26, 17755), (27, 744), (26, 19826), (27, 3155), (27, 4238), (27, 7101), (7, 9221), (27, 12358), (27, 2578), (26, 13833), (25, 13230), (3, 3274), (10, 15426), (26, 17372), (23, 9643), (23, 17853), (27, 8357), (27, 7360), (27, 18524), (26, 11034), (26, 16669), (19, 16565), (3, 18229), (26, 14283), (22, 2939), (27, 6136), (21, 9112), (27, 13532), (27, 2384), (27, 12335), (25, 9265), (25, 9865), (22, 1268), (26, 1294), (25, 21433), (25, 21317), (26, 9225), (25, 12025), (26, 6667), (20, 17886), (27, 11404), (25, 19924), (24, 4103), (27, 11333), (25, 8667), (25, 18462), (20, 14467), (27, 15953), (25, 18252), (26, 17264), (8, 4882), (21, 21536), (27, 16367), (27, 21104), (23, 20728), (27, 2382), (26, 9503), (27, 21124), (22, 9279), (22, 6898), (26, 8590), (27, 9215), (20, 12238), (26, 17957), (24, 17048), (24, 13092), (21, 14036), (27, 172), (6, 18733), (27, 13879), (27, 6999), (25, 22360), (24, 18394), (27, 3518), (21, 2692), (26, 1095), (24, 11888), (24, 12486), (20, 4216), (27, 15353), (26, 9787), (26, 14632), (21, 13072), (23, 6019), (26, 2097), (20, 16945), (26, 6076), (26, 20283), (22, 12392), (26, 15989), (26, 18584), (20, 20547), (27, 4591), (27, 3954), (20, 7725), (27, 7889), (27, 21645), (27, 7913), (11, 8747), (2, 16419), (27, 5303), (22, 2246), (26, 19596), (26, 16857), (26, 13356), (24, 415), (27, 10169), (26, 15606), (17, 4387), (20, 18591), (26, 9782), (26, 11877), (26, 7931), (25, 14470), (19, 5579), (25, 5387), (21, 19242), (21, 17122), (26, 10316), (23, 5419), (27, 4994), (20, 10448), (21, 12275), (26, 5344), (27, 11421), (26, 1383), (21, 17309), (24, 10640), (27, 14776), (26, 7417), (26, 20771), (4, 12027), (20, 4543), (13, 15194), (24, 7022), (27, 144), (26, 5631), (26, 10994), (27, 12949), (27, 9506), (25, 485), (27, 20169), (22, 9149), (21, 19393), (23, 22585), (21, 12354), (27, 20537), (27, 12105), (25, 7766), (20, 22196), (21, 18233), (20, 6247), (20, 1638), (21, 12626), (27, 7930), (24, 13520), (24, 3875), (26, 3266), (25, 4843), (27, 7820), (27, 578), (26, 5858), (25, 20549), (26, 10195), (26, 12307), (27, 10735), (27, 11813), (27, 10476), (19, 17506), (20, 15674), (4, 12514), (27, 1472), (22, 6293), (26, 346), (25, 982), (27, 8964), (20, 8234), (21, 19469), (21, 10463), (25, 18650), (5, 2904), (22, 4150), (23, 19082), (18, 8489), (27, 8508), (20, 3023), (7, 7360), (23, 6582), (24, 579), (11, 20447), (20, 17041), (27, 12013), (27, 19114), (23, 22118), (27, 9873), (27, 21082), (23, 22960), (14, 4029), (26, 22826), (26, 9801), (27, 2710), (27, 13289), (27, 3106), (26, 13729), (20, 17148), (24, 2953), (21, 19957), (26, 12434), (26, 7957), (25, 14594), (22, 11543), (22, 8370), (27, 1872), (11, 6610), (20, 6414), (23, 1948), (27, 7436), (27, 16212), (26, 171), (10, 19539), (4, 665), (22, 16948), (27, 6966), (21, 8067), (24, 22932), (20, 3409), (23, 18510), (5, 14628), (21, 19760), (21, 17041), (26, 2968), (21, 566), (25, 5426), (24, 5997), (26, 15162), (20, 18020), (25, 7865), (25, 3481), (27, 15532), (21, 42), (4, 4619), (25, 3942), (27, 15687), (27, 20936), (27, 1289), (21, 6644), (27, 7679), (27, 5952), (26, 7680), (27, 21632), (26, 16923), (24, 8776), (21, 15817), (24, 2674), (26, 11056), (21, 17820), (26, 10025), (27, 1911), (26, 12122), (27, 22507), (21, 5730), (27, 6155), (4, 3024), (27, 8620), (26, 7778), (27, 20095), (26, 13886), (25, 14723), (21, 13063), (24, 11115), (22, 7154), (27, 14198), (26, 6730), (27, 1502), (27, 17794), (26, 16884), (25, 20888), (27, 17667), (26, 15848), (26, 16301), (22, 807), (27, 15834), (22, 20428), (26, 9002), (27, 6387), (27, 17214), (26, 17319), (27, 9138), (24, 12548), (20, 11708), (27, 4050), (27, 8241), (27, 19734), (21, 14485), (21, 22563), (26, 9204), (27, 16441), (27, 16902), (27, 16570), (8, 7666), (21, 11279), (27, 8486), (27, 21749), (20, 18735), (27, 12887), (22, 13317), (25, 711), (27, 2243), (23, 3641), (26, 11969), (26, 4751), (26, 9894), (6, 19610), (27, 11425), (27, 1981), (24, 682), (23, 5797), (27, 18235), (26, 20173), (26, 11759), (25, 16514), (27, 18192), (20, 17806), (23, 21717), (26, 20930), (21, 7798), (27, 9631), (26, 3365), (22, 10192), (20, 1833), (7, 6695), (27, 22643), (21, 12339), (24, 9486), (26, 21785), (27, 13308), (26, 5782), (20, 11067), (23, 6768), (27, 16091), (8, 8150), (23, 19029), (20, 13765), (24, 4514), (25, 3162), (26, 13638), (26, 6395), (7, 5923), (27, 18321), (27, 5791), (26, 19921), (27, 2910), (26, 9261), (26, 1573), (21, 2347), (27, 21626), (25, 1959), (25, 18342), (26, 19701), (27, 21377), (27, 485), (27, 10794), (21, 3557), (25, 14121), (26, 1330), (20, 6656), (25, 10178), (19, 9611), (21, 4452), (18, 10223), (26, 14024), (6, 12757), (6, 8711), (21, 4329), (26, 1970), (21, 3959), (27, 8667), (19, 18786), (26, 13509), (19, 10128), (26, 21515), (25, 696), (8, 7659), (26, 3880), (19, 2916), (27, 7561), (25, 4474), (26, 20745), (24, 9307), (26, 22778), (24, 22598), (22, 1642), (25, 16077), (23, 12662), (23, 10154), (26, 5799), (26, 9366), (27, 19785), (26, 17524), (27, 19165), (8, 2395), (26, 9099), (21, 12393), (22, 6192), (25, 19738), (26, 21853), (20, 16890), (27, 6913), (24, 7276), (26, 12794), (20, 8446), (21, 8694), (26, 6854), (26, 16311), (27, 14261), (27, 17840), (27, 1010), (25, 16644), (27, 7708), (27, 20441), (26, 14020), (25, 19531), (27, 2540), (27, 11833), (25, 8212), (20, 22295), (26, 4709), (27, 19207), (26, 13262), (25, 12058), (23, 14576), (22, 5308), (27, 11423), (27, 161), (26, 9414), (25, 3785), (20, 18811), (23, 3911), (26, 10064), (25, 6675), (23, 16545), (21, 19774), (27, 22063), (25, 3198), (26, 11390), (26, 14929), (21, 1586), (27, 13136), (26, 11658), (27, 17096), (27, 11514), (21, 16117), (25, 16499), (27, 4920), (27, 6083), (26, 5049), (22, 15514), (27, 11707), (26, 20392), (26, 3188), (26, 14713), (21, 12662), (26, 13049), (25, 5059), (22, 17541), (21, 19181), (27, 6989), (23, 1202), (27, 19832), (22, 19189), (26, 7249), (26, 5182), (26, 277), (27, 18557), (26, 19527), (5, 15199), (27, 22655), (25, 13563), (21, 21179), (24, 6793), (26, 21599), (21, 13162), (22, 1259), (20, 2410), (26, 1787), (27, 14035), (27, 772), (26, 12478), (21, 7037), (25, 996), (26, 8051), (27, 9851), (21, 19048), (26, 5807), (25, 6613), (26, 20192), (26, 16481), (27, 14516), (27, 19994), (16, 8395), (27, 19554), (26, 6959), (27, 5293), (22, 935), (6, 22594), (27, 14065), (24, 15701), (26, 14314), (25, 21811), (21, 18990), (22, 19839), (27, 17497), (23, 10124), (27, 7231), (26, 13620), (23, 7195), (27, 3615), (25, 18092), (26, 12485), (22, 13111), (26, 17164), (5, 7087), (24, 7299), (27, 14609), (27, 17568), (27, 3048), (22, 8873), (27, 6886), (26, 11415), (24, 17360), (26, 12949), (23, 4280), (20, 9643), (26, 2479), (27, 14871), (26, 5033), (12, 19526), (27, 22725), (10, 13729), (27, 12234), (27, 14558), (25, 20589), (23, 18122), (27, 5749), (26, 20370), (27, 9095), (21, 19646), (27, 8351), (26, 14606), (27, 2430), (24, 14597), (27, 9949), (22, 4577), (26, 15825), (25, 22166), (26, 15763), (24, 19259), (21, 12113), (27, 12654), (22, 15598), (22, 19302), (26, 10581), (27, 14449), (26, 3978), (20, 1475), (21, 4323), (21, 8068), (24, 5287), (26, 17386), (19, 22955), (26, 11051), (9, 18042), (22, 12479), (22, 702), (27, 13372), (25, 14735), (27, 7044), (2, 14851), (26, 22539), (9, 8430), (24, 16048), (25, 330), (26, 17129), (22, 19160), (27, 19708), (27, 12559), (23, 22558), (22, 16783), (26, 2892), (27, 3138), (25, 2263), (20, 19224), (25, 4192), (25, 12627), (27, 10776), (19, 3506), (21, 20141), (22, 19931), (26, 4360), (26, 8503), (27, 7961), (24, 20755), (18, 1149), (20, 21707), (20, 7468), (26, 7244), (25, 2661), (27, 12235), (22, 18125), (27, 7333), (26, 8049), (20, 1370), (23, 18103), (27, 14402), (22, 18470), (25, 14608), (25, 9889), (26, 20236), (21, 10602), (27, 15698), (21, 16188), (12, 1971), (26, 18230), (26, 2648), (21, 8050), (26, 16346), (22, 9356), (7, 18286), (27, 8835), (21, 7393), (25, 19943), (27, 12246), (21, 1398), (27, 19856), (5, 15821), (25, 1206), (27, 8920), (19, 11184), (22, 2462), (27, 21138), (27, 17414), (27, 18897), (24, 13651), (3, 6656), (26, 10266), (26, 1364), (22, 21648), (22, 1942), (27, 19136), (26, 2342), (24, 10354), (25, 4660), (22, 3074), (23, 2403), (23, 17368), (8, 4594), (26, 21038), (21, 16695), (27, 4792), (19, 5118), (27, 5932), (27, 7452), (26, 2119), (27, 3057), (26, 20502), (26, 1752), (21, 22450), (20, 3248), (27, 15123), (26, 16158), (21, 8333), (25, 12831), (22, 8408), (20, 20262), (23, 17169), (25, 8923), (8, 11219), (22, 11416), (27, 15216), (21, 21704), (26, 16436), (26, 9093), (22, 3512), (22, 22615), (26, 7598), (25, 15504), (7, 7620), (21, 10089), (24, 4676), (27, 21476), (27, 724), (26, 7522), (26, 11139), (26, 14038), (25, 12688), (26, 8264), (26, 1754), (9, 7291), (26, 7197), (22, 12114), (21, 18507), (26, 14641), (21, 16158), (26, 15783), (26, 5961), (24, 19573), (12, 19921), (27, 20243), (26, 13543), (27, 22877), (26, 7339), (25, 8679), (27, 11799), (21, 12242), (27, 16840), (26, 10804), (26, 12505), (10, 10536), (27, 19357), (26, 9301), (27, 1770), (21, 20327), (27, 13915), (18, 16068), (26, 6698), (23, 10978), (6, 4891), (22, 1009), (26, 5104), (26, 851), (27, 15875), (25, 8922), (24, 17940), (19, 9420), (25, 5166), (26, 4856), (27, 19394), (27, 7884), (18, 21273), (27, 22362), (25, 13946), (23, 15134), (27, 4119), (20, 10942), (27, 7511), (20, 11461), (27, 15996), (22, 7372), (22, 7128), (27, 8381), (25, 22234), (27, 12693), (19, 19352), (27, 7448), (23, 16938), (18, 5830), (25, 16596), (22, 3082), (27, 5067), (23, 952), (25, 3172), (25, 2578), (21, 20635), (24, 18974), (21, 12599), (26, 20839), (27, 17482), (27, 14466), (21, 18663), (25, 11468), (22, 13789), (25, 12376), (25, 4934), (27, 15214), (27, 18877), (27, 13930), (26, 3912), (7, 14110), (21, 22625), (10, 15352), (25, 6144), (26, 13064), (21, 19779), (21, 17737), (22, 16822), (27, 14124), (26, 17522), (25, 16321), (21, 11495), (20, 3081), (27, 10781), (25, 11656), (27, 878), (21, 3805), (18, 4398), (27, 1299), (10, 13352), (21, 3709), (10, 13149), (26, 1328), (24, 9933), (26, 2622), (23, 8545), (27, 12748), (24, 12274), (24, 2357), (26, 9510), (27, 10345), (27, 3287), (19, 16346), (24, 4336), (27, 4189), (24, 3392), (27, 3525), (8, 9962), (27, 2987), (22, 15961), (6, 7210), (26, 11502), (24, 14041), (27, 12395), (26, 7315), (20, 487), (25, 12894), (27, 22880), (24, 5440), (20, 2670), (20, 5544), (27, 16039), (25, 5389), (11, 19512), (26, 15547), (24, 20510), (12, 20197), (27, 10997), (27, 2621), (22, 21546), (25, 13528), (23, 4375), (25, 11144), (24, 21808), (26, 2026), (26, 13267), (26, 9559), (27, 19075), (7, 9827), (24, 1050), (26, 4046), (26, 7438), (21, 16954), (23, 16405), (7, 6875), (27, 17592), (25, 10934), (19, 3020), (21, 14826), (23, 19493), (27, 8600), (26, 9812), (25, 5242), (27, 740), (22, 10807), (27, 19060), (27, 3904), (25, 16500), (26, 6465), (25, 11537), (27, 6127), (26, 10270), (27, 18188), (27, 18501), (24, 4596), (27, 2580), (26, 8991), (26, 18603), (22, 17740), (27, 13674), (27, 14550), (26, 16608), (27, 15828), (27, 11432), (22, 4646), (26, 20784), (19, 17710), (27, 18806), (24, 5322), (27, 8221), (5, 7095), (23, 16075), (26, 4105), (21, 13868), (26, 11407), (6, 8803), (23, 4916), (24, 20065), (26, 17588), (22, 11625), (27, 19154), (27, 9370), (24, 15657), (26, 20449), (22, 1070), (24, 9457), (20, 12323), (22, 20441), (25, 13059), (25, 7342), (26, 12067), (26, 14135), (22, 11135), (26, 14607), (21, 7602), (21, 17301), (19, 10735), (26, 7969), (22, 21243), (18, 15459), (27, 9888), (25, 19717), (6, 22305), (11, 12628), (18, 14687), (25, 4749), (27, 14347), (26, 139), (5, 4844), (24, 21112), (25, 15680), (27, 9034), (21, 20964), (27, 15504), (25, 21477), (21, 22060), (20, 22256), (23, 263), (26, 20821), (18, 5369), (22, 5862), (21, 16627), (20, 8548), (6, 13715), (21, 9979), (21, 5297), (26, 9808), (22, 2757), (21, 580), (27, 12889), (19, 10422), (24, 6354), (27, 4165), (22, 7795), (26, 19450), (26, 11952), (26, 20518), (27, 14738), (26, 11197), (25, 11758), (26, 19466), (25, 2552), (26, 21426), (20, 2068), (26, 20859), (26, 17713), (24, 14796), (20, 14462), (26, 19725), (26, 20924), (12, 12838), (26, 9972), (24, 15275), (24, 5009), (27, 553), (25, 6744), (22, 22788), (27, 9362), (24, 9011), (26, 22534), (26, 6569), (24, 6086), (18, 4976), (27, 3244), (27, 10211), (23, 4446), (20, 20145), (20, 4953), (17, 11216), (21, 3472), (22, 19578), (19, 952), (25, 19020), (5, 15979), (25, 7795), (24, 12715), (23, 14187), (23, 2815), (22, 14481), (19, 20486), (23, 18327), (27, 20824), (27, 17284), (6, 15966), (27, 6496), (26, 18822), (26, 6631), (27, 20144), (27, 2995), (25, 734), (26, 21914), (27, 18155), (21, 18601), (25, 3676), (25, 3425), (27, 5096), (26, 204), (27, 1808), (25, 2489), (3, 3196), (26, 18119), (23, 11484), (26, 13692), (25, 13900), (27, 2378), (27, 11007), (7, 7271), (21, 22276), (25, 21102), (20, 8036), (21, 15201), (23, 1641), (26, 2762), (26, 11644), (18, 18621), (26, 8481), (26, 16335), (21, 256), (20, 1704), (4, 8015), (24, 9796), (18, 603), (26, 22780), (27, 4876), (25, 4444), (24, 9786), (27, 16971), (21, 4415), (26, 14582), (25, 917), (27, 22424), (26, 11552), (26, 22703), (27, 265), (22, 18080), (24, 16730), (22, 5595), (26, 8958), (25, 2392), (23, 7581), (6, 2056), (25, 5792), (22, 22302), (23, 6127), (22, 6374), (3, 13245), (27, 20199), (27, 15546), (27, 8226), (27, 207), (27, 11828), (22, 13197), (23, 6766), (26, 6912), (27, 18171), (19, 13085), (27, 6809), (26, 2317), (26, 6353), (21, 19861), (26, 17912), (25, 19897), (26, 1167), (26, 4476), (26, 10301), (21, 12278), (25, 22358), (25, 12448), (22, 20194), (4, 7103), (26, 13495), (26, 20897), (22, 4970), (19, 4761), (26, 14414), (26, 20750), (26, 6610), (24, 13865), (27, 12919), (25, 2261), (26, 23036), (27, 12569), (19, 17705), (25, 8188), (26, 16834), (25, 19891), (23, 13797), (26, 17574), (25, 20255), (24, 5452), (22, 8423), (27, 11664), (21, 6253), (22, 6055), (27, 4522), (26, 17051), (22, 22345), (26, 6327), (9, 22088), (26, 1088), (20, 14193), (26, 2418), (25, 9775), (23, 1883), (26, 22918), (26, 20148), (26, 19634), (19, 12697), (27, 10251), (22, 22020), (23, 14633), (16, 19488), (18, 8827), (25, 656), (25, 668), (26, 3562), (22, 14064), (26, 598), (26, 7468), (27, 6612), (19, 19672), (20, 20934), (27, 18349), (25, 22764), (27, 4096), (18, 22967), (22, 2636), (27, 20641), (26, 13542), (19, 5827), (21, 12867), (24, 20118), (6, 22578), (22, 16952), (26, 1685), (5, 3359), (25, 14640), (22, 13815), (27, 3717), (25, 14798), (24, 2966), (27, 16980), (25, 17448), (21, 5270), (4, 19982), (21, 15796), (24, 22170), (26, 21163), (5, 9946), (27, 17512), (27, 2761), (27, 18077), (21, 17071), (26, 21868), (24, 11502), (25, 5972), (25, 22926), (26, 9181), (23, 15056), (27, 18433), (25, 3301), (27, 7382), (18, 13979), (27, 15075), (26, 18732), (27, 4821), (22, 692), (26, 22819), (22, 17775), (21, 21979), (24, 974), (26, 17142), (26, 8204), (25, 18501), (26, 15552), (22, 21341), (4, 11817), (27, 2869), (19, 10089), (27, 9435), (27, 19591), (27, 14705), (27, 21341), (26, 10065), (6, 2807), (27, 1875), (25, 2675), (22, 1998), (26, 1673), (27, 1152), (4, 7843), (4, 13082), (4, 586), (26, 20855), (22, 9967), (22, 14890), (26, 13194), (27, 12269), (20, 1318), (25, 7724), (22, 19797), (21, 11129)]
Traceback (most recent call last):
  File "/home/40455223@eeecs.qub.ac.uk/idiom_comp/patching_next_token_llama.py", line 2057, in <module>
    run_average_mlp_patching(
  File "/home/40455223@eeecs.qub.ac.uk/idiom_comp/patching_next_token_llama.py", line 1165, in run_average_mlp_patching
    and_token = model.tokenizer.encode(",")[1]
                ~~~~~~~~~~~~~~~~~~~~~~~~~~~^^^
IndexError: list index out of range
